iso3,label,sublabel,latitude,longitude
IDN," Langsa"," Kuala Langsa",4.5174698829650879,98.015533447265625
IDN," Sabang"," Pasiran (Lhok Pasiran)",5.8555598258972168,95.2696762084961
IDN," Sabang"," Teupin Pasie Jaboy",5.7942500114440918,95.345108032226562
IDN," Aceh Timur"," Jaring (Teupin Jaring)",4.9458398818969727,97.792442321777344
IDN," Aceh Timur"," Blang Uyok",5.0584797859191895,97.632186889648438
IDN," Aceh Timur"," Alue Bu Jalan Baroeh (Alue Bu)",4.8801498413085938,97.884803771972656
IDN," Aceh Timur"," Baroeh Buging (Baroh Bugeng)",5.0468101501464844,97.649032592773438
IDN," Aceh Timur"," Idi",4.9594101905822754,97.773551940917969
IDN," Aceh Timur"," Kuala Leugee",4.7462801933288574,97.917327880859375
IDN," Aceh Timur"," Alue Lhok/Seuneubok Teupin",4.711249828338623,97.922760009765625
IDN," Aceh Timur"," Teupin Pukat",5.0332398414611816,97.673049926757812
IDN," Aceh Utara"," Glumpang Umpung Uno",5.2216601371765137,97.481353759765625
IDN," Aceh Utara"," Teupin Kuyun (Teupin Kuyuen Dsn. Puuk)",5.2332901954650879,97.477188110351562
IDN," Bireuen"," Kuala Jeumpa",5.216249942779541,96.652206420898438
IDN," Bireuen"," Jeunieb",5.1981701850891113,96.5073471069336
IDN," Bireuen"," Samalanga",5.211359977722168,96.384071350097656
IDN," Bireuen"," Plimbang (Peulimbang)",5.1975898742675781,96.529243469238281
IDN," Bireuen"," Peudada",5.2038297653198242,96.583992004394531
IDN," Bireuen"," Kuala Raja",5.2462100982666016,96.727821350097656
IDN," Bireuen"," Teupin Siron",5.2499499320983887,96.90985107421875
IDN," Pidie"," Ujong Pei (Ujong Pie)",5.5326900482177734,95.831550598144531
IDN," Pidie"," Jangka Buya",5.2291698455810547,96.3314208984375
IDN," Pidie"," Abah Krueng (Babah Krueng)",5.427340030670166,95.89752197265625
IDN," Pidie"," Kuala Brabo (Kuala Beurabo)",5.3632898330688477,95.993171691894531
IDN," Pidie"," Cot Jaja",5.3433198928833008,96.012619018554688
IDN," Pidie"," Kb. Tanjung",5.325469970703125,96.046417236328125
IDN," Pidie Jaya"," Mereudu (Meureudue)",5.259009838104248,96.246322631835938
IDN," Pidie Jaya"," Ulim",5.2298998832702637,96.289802551269531
IDN," Asahan"," Tanjung Balai Asahan",3.0219500064849854,99.854301452636719
IDN," Medan"," Bagan Deli",3.7729799747467041,98.706428527832031
IDN," Medan"," Belawan",3.7841401100158691,98.7127685546875
IDN," Medan"," Nelayan Indah",3.7545199394226074,98.702186584472656
IDN," Batubara"," Desa Lalang",3.36857008934021,99.437950134277344
IDN," Batubara"," Tanjung Tiram",3.2273600101470947,99.580947875976562
IDN," Batubara"," Pangkalan Dodek",3.4137101173400879,99.322067260742188
IDN," Batubara"," Perupuk",3.2830600738525391,99.513076782226562
IDN," Deli Serdang"," Bagan Serdang ",3.6945700645446777,98.844886779785156
IDN," Deli Serdang"," Bagan Percut",3.7161900997161865,98.7835693359375
IDN," Deli Serdang"," Pantai Labu",3.6870899200439453,98.872749328613281
IDN," Labuhan Batu"," Sei Berombang",2.61542010307312,100.12220001220703
IDN," Langkat"," Kuala Serapu",4.0247597694396973,98.458572387695312
IDN," Langkat"," Pangkalan Brandan",4.026860237121582,98.285202026367188
IDN," Langkat"," Biduk Bubun ",4.0064201354980469,98.496978759765625
IDN," Langkat"," Pangkalan Susu",4.1266598701477051,98.221023559570312
IDN," Serdang Bedagai"," Sialang Buah",3.5648200511932373,99.115859985351562
IDN," Serdang Bedagai"," Tanjung Beringin",3.5028600692749023,99.2287368774414
IDN," Serdang Bedagai"," Bagan Kuala",3.5042099952697754,99.237533569335938
IDN," Labuhan Batu Utara"," Tanjung Leidong",2.7554399967193604,99.979278564453125
IDN," Labuhan Batu Utara"," Campea",2.7642700672149658,99.9761962890625
IDN," Bengkalis"," Bengkalis",1.4856100082397461,102.08187103271484
IDN," Bengkalis"," Meskom",1.5527900457382202,102.01956176757812
IDN," Bengkalis"," Titi Akar",2.0377600193023682,101.56668853759766
IDN," Bengkalis"," Bantan Air",1.5491399765014648,102.33936309814453
IDN," Bengkalis"," Dompas",1.3433400392532349,102.15775299072266
IDN," Bengkalis"," Jangkang",1.5700299739837646,102.17423248291016
IDN," Bengkalis"," Prapat Tunggal",1.4854999780654907,102.08183288574219
IDN," Dumai"," Dumai",1.6950399875640869,101.41475677490234
IDN," Rokan Hilir"," Bagan Siapi-Api",2.1396799087524414,100.78527069091797
IDN," Rokan Hilir"," Sinaboi",2.288640022277832,101.02168273925781
IDN," Kep. Meranti*"," Tanjung Samak",0.83187997341156006,103.07501983642578
IDN," Kep. Meranti*"," Selat Panjang",1.0166599750518799,102.7161865234375
IDN," Aceh Barat"," Lhok Bubon",4.1990199089050293,96.032020568847656
IDN," Aceh Barat"," Suak Semaseh",4.2652702331542969,95.971351623535156
IDN," Aceh Barat"," Ujong Baroh (Ujong Baroeh)",4.1415700912475586,96.13201904296875
IDN," Banda Aceh"," Deah Glumpang (Deah Geulumpang)",5.5606999397277832,95.291053771972656
IDN," Banda Aceh"," Ulee Lheu",5.5576601028442383,95.283477783203125
IDN," Banda Aceh"," Alue Naga I",5.5986299514770508,95.347602844238281
IDN," Banda Aceh"," Titi Arusan",5.58735990524292,95.329292297363281
IDN," Banda Aceh"," Lampulo",5.58542013168335,95.318466186523438
IDN," Banda Aceh"," Deah Baro",5.5629801750183105,95.295860290527344
IDN," Banda Aceh"," Alue Naga II",5.5964798927307129,95.351371765136719
IDN," Aceh Barat Daya"," Alue Rambot",4.2080202102661133,96.052482604980469
IDN," Aceh Barat Daya"," Ujung Serangga (Ujong Serangga)",3.7179899215698242,96.813316345214844
IDN," Aceh Barat Daya"," Padang Panjang",3.7095599174499512,96.833976745605469
IDN," Aceh Barat Daya"," Blang Padang",3.6603798866271973,96.887626647949219
IDN," Aceh Besar"," Lhok Seudu",5.3472299575805664,95.240531921386719
IDN," Aceh Besar"," Mon Ikeun",5.4735598564147949,95.2379379272461
IDN," Aceh Besar"," Lam Teungoh",5.5459599494934082,95.255256652832031
IDN," Aceh Besar"," Seurapong",5.7110500335693359,95.054527282714844
IDN," Aceh Besar"," Lamteh",5.5471200942993164,95.253997802734375
IDN," Aceh Besar"," Layeuen",5.3466300964355469,95.241439819335938
IDN," Aceh Besar"," Sanee",5.2252998352050781,95.249618530273438
IDN," Aceh Besar"," Ujung Pancu/Ujong Pancu",5.5461502075195312,95.243423461914062
IDN," Aceh Besar"," Lambaro Neujib",5.5548300743103027,95.236801147460938
IDN," Aceh Besar"," Lampuyang",5.7362899780273438,95.044593811035156
IDN," Aceh Besar"," Kareung",5.2943601608276367,95.23114013671875
IDN," Aceh Jaya"," Rigaih",4.663060188293457,95.556312561035156
IDN," Aceh Jaya"," Lambeuso/Ujong Muloh",5.0632901191711426,95.343177795410156
IDN," Aceh Jaya"," Lhok Geulumpang",4.7116398811340332,95.513343811035156
IDN," Aceh Jaya"," Kuala Unga",5.0140299797058105,95.3738784790039
IDN," Aceh Jaya"," Calang",4.630040168762207,95.5796127319336
IDN," Aceh Jaya"," Krueng No",4.9377498626708984,95.3778305053711
IDN," Aceh Jaya"," Babah Nipah",4.8572797775268555,95.413581848144531
IDN," Aceh Jaya"," Alue Ambang",4.4468398094177246,95.8082275390625
IDN," Aceh Jaya"," Ujung Seudeun (Ujong Seudeun)",4.6452598571777344,95.585258483886719
IDN," Aceh Jaya"," Patek",4.7773299217224121,95.465408325195312
IDN," Aceh Jaya"," Lhok Kruet",4.8775801658630371,95.396568298339844
IDN," Aceh Selatan"," Air Berudang",3.2727799415588379,97.1621322631836
IDN," Aceh Selatan"," Labuhan Tarok",3.438849925994873,97.0653076171875
IDN," Aceh Selatan"," Labuhan Haji (Pasar Lama)",3.5479700565338135,96.998977661132812
IDN," Aceh Selatan"," Padang Bakau",3.5451200008392334,97.002250671386719
IDN," Aceh Selatan"," Keude Trumon",2.8256299495697021,97.618080139160156
IDN," Aceh Selatan"," Pasie Seubadeh",2.8861100673675537,97.540298461914062
IDN," Aceh Selatan"," Kedai Bakongan",2.9224200248718262,97.483489990234375
IDN," Aceh Selatan"," Gunung Kerambil (Gunung Kerambir)",3.285520076751709,97.158126831054688
IDN," Aceh Selatan"," Ujung Pulo Rayeuk",2.892009973526001,97.523200988769531
IDN," Aceh Selatan"," Pasie Kuala Ba'u",3.0852599143981934,97.310218811035156
IDN," Aceh Selatan"," Batu Itam",3.2519099712371826,97.2110595703125
IDN," Aceh Selatan"," Lhok Rukam",3.2375400066375732,97.240707397460938
IDN," Aceh Selatan"," Kuta Blang",3.3297300338745117,97.1253662109375
IDN," Aceh Selatan"," Rantau Binuang",3.0580999851226807,97.317939758300781
IDN," Aceh Selatan"," Kemumu Hilir",3.5132598876953125,97.020637512207031
IDN," Aceh Selatan"," Lhok Aman",3.4276900291442871,97.072349548339844
IDN," Aceh Selatan"," Lhok Bengkuang",3.2552399635314941,97.196578979492188
IDN," Aceh Selatan"," Kuala Iboh",3.58309006690979,96.947257995605469
IDN," Aceh Singkil"," Dermaga Teluk Nibung",2.3450000286102295,97.387619018554688
IDN," Aceh Singkil"," Dermaga Ikan Pulau Balai (Dermaga Pulau Balai)",2.3131599426269531,97.411827087402344
IDN," Aceh Singkil"," Gosong Telaga Selatan",2.2773900032043457,97.922309875488281
IDN," Aceh Singkil"," Demaga Haloban",2.1687800884246826,97.232940673828125
IDN," Aceh Singkil"," Dermaga Ikan Pulau Baguk",2.1730198860168457,97.431671142578125
IDN," Aceh Singkil"," Suka Makmue",2.1822199821472168,97.302841186523438
IDN," Aceh Singkil"," Gosong Telaga Utara",2.2780001163482666,97.921806335449219
IDN," Aceh Singkil"," Dermaga Ujung Sialit",2.2156600952148438,97.299507141113281
IDN," Nagan Raya"," Kuala Tuha",4.1041297912597656,96.192596435546875
IDN," Nagan Raya"," Babah Lueng",3.84414005279541,96.393646240234375
IDN," Simeulue"," Labuhan Bakti",2.4045000076293945,96.4813232421875
IDN," Simeulue"," Malasin (Ps. Sibigo)",2.8272099494934082,95.9107666015625
IDN," Simeulue"," Labuhan Bajau",2.3903501033782959,96.33648681640625
IDN," Simeulue"," Latak Ayah",2.587130069732666,95.930366516113281
IDN," Simeulue"," Latiung",2.3440999984741211,96.4677734375
IDN," Simeulue"," Nasreuheu",2.64628005027771,95.828330993652344
IDN," Simeulue"," Tanjung Raya",2.6264801025390625,96.224037170410156
IDN," Simeulue"," Lhok Bihau",2.8870298862457275,95.830886840820312
IDN," Simeulue"," Lewak",2.9158899784088135,95.798866271972656
IDN," Simeulue"," Lhok Araban/Kampung Aie",2.5828299522399902,95.962677001953125
IDN," Simeulue"," Suka Karya",2.4861800670623779,96.3744888305664
IDN," Simeulue"," Sambai",2.6311399936676025,96.170303344726562
IDN," Simeulue"," Potongan",2.4777200222015381,96.383720397949219
IDN," Simeulue"," Busong",2.4827499389648438,96.379669189453125
IDN," Simeulue"," Lhok Suka Jaya (Suka Jaya)",2.58528995513916,95.93316650390625
IDN," Sibolga"," Sibolga (PPI)",1.7294199466705322,98.790512084960938
IDN," Nias Selatan"," Teluk Dalam",0.56831997632980347,97.819656372070312
IDN," Nias Selatan"," Pulau Tello",-0.05276000127196312,98.2825698852539
IDN," Tapanuli Tengah"," Sorkam",1.8772499561309814,98.5628433227539
IDN," Tapanuli Tengah"," Labuhan Angin",1.7579799890518188,98.712287902832031
IDN," Tapanuli Tengah"," Sibolga",1.7197999954223633,98.795692443847656
IDN," Tapanuli Tengah"," Barus",2.0074200630187988,98.391319274902344
IDN," Nias Barat*"," Sirombu",0.942110002040863,97.41021728515625
IDN," Agam"," Tiku",-0.27081000804901123,99.805259704589844
IDN," Padang"," Batuang",-1.0540599822998047,100.41200256347656
IDN," Padang"," Pasie Nan Tigo",-0.863290011882782,100.33482360839844
IDN," Padang"," Bungus",-1.0275299549102783,100.39840698242188
IDN," Kep. Mentawai"," Tuapejat (Tua Pejat)",-1.9940199851989746,99.571830749511719
IDN," Kep. Mentawai"," Sikakap",-2.7750499248504639,100.2000732421875
IDN," Pariaman"," Karan Aur",-0.64064997434616089,100.12503051757812
IDN," Pariaman"," Muaro Pariaman",-0.62585997581481934,100.11547088623047
IDN," Padang Pariaman"," Ulakan Tapakis",-0.71056997776031494,100.19671630859375
IDN," Padang Pariaman"," Pasir Baru",-0.564490020275116,100.08865356445312
IDN," Padang Pariaman"," Pariaman",-0.62287002801895142,100.11768341064453
IDN," Pasaman Barat"," Sasak",0.00848000030964613,99.6924819946289
IDN," Pasaman Barat"," Air Bangih (Aia Bangih)",0.20061999559402466,99.381439208984375
IDN," Pesisir Selatan"," Api-Api",-1.308459997177124,100.51261901855469
IDN," Pesisir Selatan"," Pasar Kambang (Kambang)",-1.682979941368103,100.69925689697266
IDN," Pesisir Selatan"," Carocok Tarusan",-1.3493200540542603,100.56989288330078
IDN," Pesisir Selatan"," Batu Kalang",-1.257349967956543,100.46871185302734
IDN," Pesisir Selatan"," Surantiah",-1.5782400369644165,100.64129638671875
IDN," Bengkulu Selatan"," Pasar Bawah/Manna",-4.477910041809082,102.90280151367188
IDN," Bengkulu"," Pondok Besi",-3.7856700420379639,102.25430297851562
IDN," Bengkulu"," Pulau Baai",-3.9025399684906006,102.305908203125
IDN," Bengkulu"," Pasar Bengkulu",-3.7759199142456055,102.26233673095703
IDN," Bengkulu Utara"," Air Napal",-3.5846400260925293,102.12525939941406
IDN," Bengkulu Utara"," Pasar Palik",-3.5847399234771729,102.12506866455078
IDN," Bengkulu Utara"," Muara Sungai Ketahun",-3.380000114440918,101.82444763183594
IDN," Kaur"," Pasar Lama",-4.8001399040222168,103.34767150878906
IDN," Muko-Muko"," Sungai Muara Ipuh",-3.0212199687957764,101.48690032958984
IDN," Muko-Muko"," Pasar Bantal",-2.7389099597930908,101.32247924804688
IDN," Muko-Muko"," Air Rami",-2.5879900455474854,101.11232757568359
IDN," Seluma"," Muara Maras",-4.3146100044250488,102.76657867431641
IDN," Seluma"," Pasar Ngalam",-4.0159997940063477,102.36312866210938
IDN," Seluma"," Pasar Seluma",-4.1287198066711426,102.50184631347656
IDN," Seluma"," Muara Pring Baru",-4.2915201187133789,102.74938201904297
IDN," Bengkulu Tengah"," Sungai Lemau (Pondok Kelapa)",-3.682689905166626,102.24066162109375
IDN," Lampung Barat"," Tanjung Setia",-5.323699951171875,104.01107025146484
IDN," Lampung Barat"," Krui",-5.1877899169921875,103.93183898925781
IDN," Lampung Barat"," Bengkunat",-5.6339201927185059,104.30713653564453
IDN," Lampung Barat"," Lemong",-4.9629898071289062,103.69082641601562
IDN," Bandarlampung"," Ujung Bom",-5.4458999633789062,105.28694152832031
IDN," Bandarlampung"," Lempasing",-5.48799991607666,105.25298309326172
IDN," Lampung Selatan"," Kuala Jaya",-5.6450300216674805,105.81395721435547
IDN," Lampung Selatan"," Muara Piluk Bakauheni",-5.8463101387023926,105.69400787353516
IDN," Lampung Selatan"," Kunjir",-5.8351302146911621,105.6461181640625
IDN," Lampung Selatan"," Rangai",-5.5267000198364258,105.35308074951172
IDN," Lampung Selatan"," Kalianda",-5.7421097755432129,105.58914947509766
IDN," Lampung Selatan"," Ketapang",-5.7711000442504883,105.79544830322266
IDN," Lampung Selatan"," Way Muli",-5.697239875793457,105.55992126464844
IDN," Tanggamus"," Badak",-5.6222500801086426,104.83013153076172
IDN," Tanggamus"," Putih Doh",-5.6599102020263672,104.88102722167969
IDN," Tanggamus"," Karanganyer",-5.528170108795166,104.53925323486328
IDN," Tanggamus"," Kota Agung",-5.4994502067565918,104.62052917480469
IDN," Tanggamus"," Guring",-5.5842499732971191,104.55487060546875
IDN," Tanggamus"," Kelumbayan",-5.7374000549316406,105.02796936035156
IDN," Tanggamus"," Tegineneng",-5.6098198890686035,104.79606628417969
IDN," Tanggamus"," Pematang Sawa",-5.5477099418640137,104.52947998046875
IDN," Pandeglang"," Carita",-6.317039966583252,105.83727264404297
IDN," Pandeglang"," Sidamukti",-6.4850201606750488,105.80648803710938
IDN," Pandeglang"," Sumur",-6.6520500183105469,105.58975219726562
IDN," Pandeglang"," Labuan",-6.3718600273132324,105.82212829589844
IDN," Pandeglang"," Cikeusik",-6.8382501602172852,105.88253021240234
IDN," Pandeglang"," Tamanjaya",-6.7742199897766113,105.50499725341797
IDN," Pandeglang"," Citeureup",-6.5235700607299805,105.68798828125
IDN," Pandeglang"," Panimbang",-6.4895801544189453,105.80011749267578
IDN," Pandeglang"," Banyuasih",-6.6343398094177246,105.61190032958984
IDN," Pandeglang"," Sukanegara",-6.3170599937438965,105.83743286132812
IDN," Serang"," Wadas",-5.9442200660705566,106.10379028320312
IDN," Serang"," Kepuh",-5.9643797874450684,106.10365295410156
IDN," Serang"," Pulo Kali",-5.921450138092041,106.10260009765625
IDN," Serang"," Lontar",-6.040520191192627,106.45880126953125
IDN," Serang"," Anyar",-6.0998601913452148,105.88173675537109
IDN," Serang"," Domas",-5.9856400489807129,106.26418304443359
IDN," Serang"," Pasauran",-6.2325601577758789,105.83196258544922
IDN," Serang"," Tengkurak",-6.0009198188781738,106.34710693359375
IDN," Serang"," Terate (Terale)",-6.0079798698425293,106.37708282470703
IDN," Singkil"," Pulau Sarok",2.2692201137542725,97.812271118164062
IDN," Trenggalek"," Bladu",-8.3151798248291016,111.57174682617188
IDN," Trenggalek"," Damas",-8.3240499496459961,111.69223022460938
IDN," Trenggalek"," Ngadipuro",-8.3203401565551758,111.53009033203125
IDN," Trenggalek"," Konaang",-8.2744998931884766,111.45401763916016
IDN," Trenggalek"," Ngampiran",-8.3284397125244141,111.60722351074219
IDN," Trenggalek"," Jokerto (Joketro)",-8.2874298095703125,111.45452880859375
IDN," Trenggalek"," Prigi",-8.287440299987793,111.72942352294922
IDN," Tulungagung"," Popoh",-8.26338005065918,111.80322265625
IDN," Tulungagung"," Brumbun",-8.2625198364257812,111.83509063720703
IDN," Tulungagung"," Gerangan",-8.2585601806640625,111.84020233154297
IDN," Tulungagung"," Sine",-8.289790153503418,111.93547058105469
IDN," Tulungagung"," Klatak",-8.2698402404785156,111.76992034912109
IDN," Tulungagung"," Ngelo",-8.28322982788086,111.93798828125
IDN," Bantul"," Samas",-8.0050296783447266,110.26998901367188
IDN," Bantul"," Pandan Simo",-7.9836997985839844,110.22200012207031
IDN," Bantul"," Kuwaru/Kuaru",-7.9895501136779785,110.22200012207031
IDN," Bantul"," Depok",-8.0137796401977539,110.29302215576172
IDN," Gunung Kidul"," Wedi Ombo (Nampu)",-8.189849853515625,110.71082305908203
IDN," Gunung Kidul"," Ngrenehan",-8.1185703277587891,110.50330352783203
IDN," Gunung Kidul"," Drini",-8.1376199722290039,110.57659149169922
IDN," Gunung Kidul"," Siung",-8.18157958984375,110.68328094482422
IDN," Gunung Kidul"," Baron",-8.1286602020263672,110.54824829101562
IDN," Gunung Kidul"," Sundak (Ngandong)",-8.1470499038696289,110.60817718505859
IDN," Gunung Kidul"," Sadeng",-8.19141960144043,110.79943084716797
IDN," Gunung Kidul"," Gesing",-8.1078195571899414,110.46823883056641
IDN," Kulon Progo"," Trisik",-7.9720702171325684,110.18991088867188
IDN," Kulon Progo"," Tanjung Adikarta/Glagah",-7.9165301322937012,110.08511352539062
IDN," Badung"," Kedonganan",-8.7575798034667969,115.16639709472656
IDN," Badung"," Tanjung Benoa",-8.75271987915039,115.22080993652344
IDN," Denpasar"," Serangan",-8.727330207824707,115.22734069824219
IDN," Jembrana"," Pengambengan",-8.3861503601074219,114.57459259033203
IDN," Jembrana"," Air Kuning",-8.4049196243286133,114.64640808105469
IDN," Karang Asem"," Amed",-8.3350496292114258,115.64994049072266
IDN," Klungkung"," Kusamba",-8.5629396438598633,115.45417785644531
IDN," Klungkung"," Batununggul",-8.6756296157836914,115.56913757324219
IDN," Bima"," Waworada",-8.7116098403930664,118.81867980957031
IDN," Bima"," Sape",-8.56641960144043,119.01927947998047
IDN," Lombok Barat"," Cemara",-8.8910503387451172,116.50705718994141
IDN," Lombok Tengah"," Teluk Awang",-8.80624008178711,116.49999237060547
IDN," Lombok Timur"," Batu Nampar",-8.8510198593139648,116.40830230712891
IDN," Lombok Timur"," Tanjung Luar",-8.7777395248413086,116.51616668701172
IDN," Lombok Timur"," Labuhan Lombok",-8.4869003295898438,116.66171264648438
IDN," Sumbawa"," Labuhan Lalar",-8.8158798217773438,116.81699371337891
IDN," Sumbawa"," Labuhan Mapin",-8.5268402099609375,116.89412689208984
IDN," Sumbawa"," Labuhan Buwah/Labuhan Buwak",-8.6298599243164062,116.61747741699219
IDN," Kupang"," Tenau Kupang",-10.200380325317383,123.52916717529297
IDN," Belu"," Atapupu",-8.9869699478149414,124.86888122558594
IDN," Kupang"," Oeba Kupang",-10.154210090637207,123.59037780761719
IDN," Lembata"," Hukung Lewoleba",-8.39231014251709,123.35537719726562
IDN," Ngada"," Aimere",-8.8473997116088867,120.85643005371094
IDN," Rote Ndao"," Tulandale",-10.708319664001465,123.06101989746094
IDN," Sumba Barat"," Wonokaka",-9.7495498657226562,119.44780731201172
IDN," Pangandaran"," Batu Karas",-7.7465801239013672,108.49745178222656
IDN," Pangandaran"," Cikidang",-7.6833200454711914,108.67172241210938
IDN," Pangandaran"," Muara Gatah",-7.8148598670959473,108.36489868164062
IDN," Pangandaran"," Majingklak (Palataragung)",-7.6734700202941895,108.80043792724609
IDN," Pangandaran"," Ciawitali ",-7.6730799674987793,108.80046081542969
IDN," Pangandaran"," Legok Jawa",-7.8147897720336914,108.44801330566406
IDN," Pangandaran"," Bojong Salawe",-7.713170051574707,108.50007629394531
IDN," Pangandaran"," Pangandaran",-7.7011399269104,108.65650177001953
IDN," Cianjur"," Jayanti",-7.498960018157959,107.38665771484375
IDN," Garut"," Cilauteureun",-7.6616997718811035,107.68740844726562
IDN," Garut"," Cijeruk",-7.7045202255249023,107.83679962158203
IDN," Garut"," Ranca Buaya",-7.5300397872924805,107.48081970214844
IDN," Garut"," Cimari Muara",-7.5825600624084473,107.61678314208984
IDN," Garut"," Sancang",-7.7386698722839355,107.88552856445312
IDN," Sukabumi"," Surade ",-7.3979401588439941,106.51363372802734
IDN," Sukabumi"," Cibangban",-6.9582200050354,106.42778778076172
IDN," Sukabumi"," Ciwaru",-7.1866598129272461,106.45468139648438
IDN," Sukabumi"," Loji",-7.0528597831726074,106.54490661621094
IDN," Sukabumi"," Ujung Genteng",-7.3726902008056641,106.40483093261719
IDN," Sukabumi"," Cisolok",-6.953120231628418,106.44101715087891
IDN," Sukabumi"," Mina  Jaya",-7.4001002311706543,106.51683807373047
IDN," Sukabumi"," Palabuhan Ratu",-6.9890098571777344,106.543212890625
IDN," Tasikmalaya"," Pamayang Sari",-7.77161979675293,108.08706665039062
IDN," Cilacap"," Kemiren",-7.7420997619628906,109.00998687744141
IDN," Cilacap"," Padanarang",-7.7292599678039551,109.01972198486328
IDN," Cilacap"," Bengawan Donan",-7.70743989944458,108.99591064453125
IDN," Cilacap"," Rawa Jarit",-7.6372499465942383,109.11479187011719
IDN," Cilacap"," Sentolo Kawat",-7.7427902221679688,109.01000213623047
IDN," Cilacap"," Jetis ",-7.71550989151001,109.36933135986328
IDN," Cilacap"," Sidakarya/Sidakaya",-7.7409701347351074,109.01020812988281
IDN," Cilacap"," Lengkong",-7.693120002746582,109.06752014160156
IDN," Cilacap"," Tegal Katilayu",-7.7153701782226562,109.02822113037109
IDN," Cilacap"," Sentolo Kambang ",-7.7276601791381836,108.99677276611328
IDN," Cilacap"," Cilacap",-7.7259202003479,109.02301788330078
IDN," Kebumen"," Criwik",-7.7582798004150391,109.47216796875
IDN," Kebumen"," Rowo",-7.8067898750305176,109.83152008056641
IDN," Kebumen"," Tegal Retno",-7.77800989151001,109.61099243164062
IDN," Kebumen"," Argopeni",-7.7322697639465332,109.39192199707031
IDN," Kebumen"," Karang Duwur",-7.7708001136779785,109.41322326660156
IDN," Kebumen"," Tanggulangin",-7.7821598052978516,109.62184143066406
IDN," Kebumen"," Tambak Mulyo",-6.9472298622131348,110.43791198730469
IDN," Kebumen"," Logending",-7.7193498611450195,109.39463806152344
IDN," Kebumen"," Lembupurwo",-7.8236198425292969,109.79567718505859
IDN," Kebumen"," Surorejan",-7.7755298614501953,109.58180236816406
IDN," Kebumen"," Pasir",-7.766930103302002,109.43640899658203
IDN," Purworejo"," Jati Kontal",-7.88661003112793,110.00070953369141
IDN," Purworejo"," Kaburuhan (Keburuhan)",-7.8544697761535645,109.91378021240234
IDN," Purworejo"," Kertojayan",-7.8313097953796387,109.82512664794922
IDN," Purworejo"," Jati Malang",-7.8800501823425293,109.98459625244141
IDN," Lebak"," Bayah",-6.9384598731994629,106.24775695800781
IDN," Lebak"," Pulo Manuk",-6.9683799743652344,106.26564788818359
IDN," Lebak"," Sawarna",-6.9883599281311035,106.30935668945312
IDN," Lebak"," Cibareno",-6.9710698127746582,106.39293670654297
IDN," Lebak"," Tanjung Panto",-6.8348197937011719,105.89469146728516
IDN," Lebak"," Sukahujan",-6.8375000953674316,106.06462097167969
IDN," Lebak"," Panyaungan",-6.9255599975585938,106.22879791259766
IDN," Lebak"," Binuangen",-6.8384199142456055,105.88368988037109
IDN," Banyuwangi"," Grajagan ",-8.5967903137207031,114.22319793701172
IDN," Banyuwangi"," Muncar",-8.4437704086303711,114.34500885009766
IDN," Banyuwangi"," Ketapang",-8.1573801040649414,114.39698028564453
IDN," Banyuwangi"," Mandar (Kampung Mandar)",-8.2067298889160156,114.38349151611328
IDN," Banyuwangi"," Pancer",-8.6174297332763672,114.08615875244141
IDN," Blitar"," Pantai Pangi",-8.3123502731323242,112.11118316650391
IDN," Blitar"," Tambakrejo",-8.3164501190185547,112.14511108398438
IDN," Blitar"," Serang",-8.3299703598022461,112.22209167480469
IDN," Blitar"," Jolosutro",-8.3318901062011719,112.33133697509766
IDN," Jember"," Jeni",-8.377039909362793,113.47219848632812
IDN," Jember"," Watu Ulo",-8.4247798919677734,113.56156158447266
IDN," Jember"," Getem",-8.3739900588989258,113.46952056884766
IDN," Jember"," Puger",-8.3777799606323242,113.47688293457031
IDN," Jember"," Paseban",-8.3231897354125977,113.33650970458984
IDN," Jember"," Bandealit",-8.4314298629760742,113.55436706542969
IDN," Timur Tengah Utara"," Wini",-9.182459831237793,124.51956176757812
IDN," Lumajang"," Melman/Meleman/Wotgalih",-8.2977199554443359,113.30953216552734
IDN," Lumajang"," Bulurejo",-8.3330097198486328,112.96788024902344
IDN," Lumajang"," Tegalrejo",-8.3366098403930664,112.96710205078125
IDN," Malang"," Pujiharjo",-8.3804998397827148,112.89871215820312
IDN," Malang"," Pondok Dadap",-8.4313898086547852,112.68383026123047
IDN," Pacitan"," Wawaran",-8.2653799057006836,111.20024871826172
IDN," Pacitan"," Sumberrejo",-8.2705602645874023,111.40390777587891
IDN," Pacitan"," Watukarung",-8.23639965057373,110.97775268554688
IDN," Pacitan"," Tamperan",-8.2265501022338867,111.07411956787109
IDN," Pacitan"," Tawang Pacitan",-8.2597503662109375,111.28835296630859
IDN," Bengkayang"," Sungai Duri",0.56207001209259033,108.92835235595703
IDN," Bengkayang"," Sui Raya",0.59231001138687134,108.93054962158203
IDN," Bengkayang"," Pulau Kabung",0.75936001539230347,108.71369934082031
IDN," Bengkayang"," Sungai Jaga",0.6048399806022644,108.93034362792969
IDN," Bengkayang"," Karimunting",0.8026999831199646,108.84819793701172
IDN," Bengkayang"," Lemukutan",0.745959997177124,108.70867919921875
IDN," Bengkayang"," Teluk Suak",0.79154998064041138,108.86026763916016
IDN," Pontianak"," Sungai Jawi",-0.00788000039756298,109.32157897949219
IDN," Singkawang"," Sedau",0.86611998081207275,108.92854309082031
IDN," Ketapang"," Kendawangan",-2.526439905166626,110.21214294433594
IDN," Ketapang"," Suka Bangun",-1.7843899726867676,109.94770050048828
IDN," Ketapang"," Pesaguan",-2.0342299938201904,110.1219482421875
IDN," Kayong Utara"," Tanjung Satai",-1.2128599882125854,109.68345642089844
IDN," Kayong Utara"," Pulau Kumbang",-1.0858299732208252,109.84311676025391
IDN," Kayong Utara"," Padang",-1.6387499570846558,108.95291137695312
IDN," Kayong Utara"," Betok/Betok Karimana",-1.5814299583435059,108.79775238037109
IDN," Kayong Utara"," Teluk Batang",-1.0072400569915771,109.76962280273438
IDN," Kayong Utara"," Sungai Sambas",-1.2431099414825439,109.94957733154297
IDN," Kayong Utara"," Sukadana",-1.2421499490737915,109.94985198974609
IDN," Kayong Utara"," Dusun Kecil",-1.0772099494934082,109.45484161376953
IDN," Kayong Utara"," Teluk Melano Kota",-1.1028399467468262,109.96293640136719
IDN," Kayong Utara"," Siduk",-1.3626400232315063,110.06903076171875
IDN," Kayong Utara"," Dusun Besar",-1.1083500385284424,109.44998931884766
IDN," Kubu Raya"," Medan Seri",-0.67813998460769653,109.27404022216797
IDN," Kubu Raya"," Sungai Kakap",-0.062930002808570862,109.17681884765625
IDN," Kubu Raya"," Sungai Rengas",0.0018700000364333391,109.28565979003906
IDN," Kubu Raya"," Rasau Jaya",-0.27140998840332031,109.3583984375
IDN," Kubu Raya"," Batu Ampar",-0.67975997924804688,109.27340698242188
IDN," Kubu Raya"," Muara Kubu",-0.098980002105236053,109.20291137695312
IDN," Kubu Raya"," Sepok Laut",-0.21707999706268311,109.08204650878906
IDN," Kubu Raya"," Tanjung Bunga",-0.36673998832702637,109.15042877197266
IDN," Pontianak"," Kuala Mempawah",0.30370000004768372,109.00771331787109
IDN," Pontianak"," Bakau Besar",0.2941800057888031,109.03672790527344
IDN," Pontianak"," Sui Purun",-1.2421499490737915,109.94985198974609
IDN," Pontianak"," Semudun",0.44927999377250671,108.93946838378906
IDN," Pontianak"," Jungkat",0.043230000883340836,109.21975708007812
IDN," Pontianak"," Nusa Pati",0.27489000558853149,109.07086181640625
IDN," Pontianak"," Sungai Kunyit",0.55772000551223755,108.92556762695312
IDN," Pontianak"," Bakau Kecil",0.30469000339508057,109.00804138183594
IDN," Pontianak"," Sungai Pinyuh",0.27617999911308289,109.07232666015625
IDN," Pontianak"," Dabong (Dabung)",-0.58327001333236694,109.32247161865234
IDN," Sambas"," Selakau",1.057170033454895,108.97216033935547
IDN," Sambas"," Liku",1.7411899566650391,109.31874847412109
IDN," Sambas"," Temajuk/Desa Temajok",1.9902000427246094,109.58667755126953
IDN," Sambas"," Tanah Hitam",1.6307400465011597,109.22064971923828
IDN," Sambas"," Arung Parak",1.6019699573516846,109.15882110595703
IDN," Sambas"," Sentebang",1.3267199993133545,109.03768157958984
IDN," Sambas"," Pemangkat",1.1996099948883057,108.99199676513672
IDN," Indragiri Hilir"," Kuala Enok",-0.51794999837875366,103.38849639892578
IDN," Indragiri Hilir"," Sungai Guntung",0.30013000965118408,103.61232757568359
IDN," Pelalawan"," Dermaga Perairan Teluk Dalam",0.21517999470233917,102.34168243408203
IDN," Tanjung Jabung Barat"," Kuala Tungkal",-0.8070799708366394,103.47958374023438
IDN," Tanjung Jabung Timur"," Teluk Majelis",-1.0597699880599976,103.80716705322266
IDN," Tanjung Jabung Timur"," Nipah Panjang",-1.0826400518417358,104.19435119628906
IDN," Banyuasin"," Sungsang",-2.3661398887634277,104.89067840576172
IDN," Palembang"," Jakabaring",-3.0276401042938232,104.77403259277344
IDN," OKI"," Sungai Lumpur",-3.416330099105835,105.88262939453125
IDN," Bangka"," Kelabat (Batu Dinding)",-3.0927999019622803,107.89315032958984
IDN," Bangka"," Sungailiat",-1.8639400005340576,106.12515258789062
IDN," Pangkalpinang"," Muara Sungai Baturusa",-2.0861999988555908,106.15379333496094
IDN," Bangka Barat"," Muntok",-2.0715498924255371,105.16153717041016
IDN," Bangka Selatan"," Sadai",-2.97625994682312,106.6505126953125
IDN," Bangka Tengah"," Sungai Selan ",-2.3844699859619141,105.98493194580078
IDN," Bangka Tengah"," Kurau",-2.3307900428771973,106.23493194580078
IDN," Bangka Tengah"," Batu Belubang",-2.1698799133300781,106.18805694580078
IDN," Belitung"," Tanjung Pandan",-2.7438900470733643,107.63304901123047
IDN," Belitung"," Selat Nasik ",-2.8344199657440186,107.41280364990234
IDN," Belitung Timur"," Gantung",-2.9691300392150879,108.17298126220703
IDN," Belitung Timur"," Manggar Belitung Timur",-2.849639892578125,108.2867431640625
IDN," Belitung Timur"," Selendang Kampit",-2.6208999156951904,108.03913879394531
IDN," Karimun"," Moro",0.79461997747421265,103.77942657470703
IDN," Karimun"," Tanjung Balai Karimun",0.98916000127792358,103.43495941162109
IDN," Tanjungpinang"," Tanjung Pinang",0.9341999888420105,104.44441223144531
IDN," Bintan (Kep. Riau)"," Kijang",0.85221999883651733,104.61112976074219
IDN," Batam"," Barelang",0.976580023765564,104.05606842041016
IDN," Batam"," Telaga Punggur",1.0331699848175049,104.12724304199219
IDN," Natuna"," Sedanau",3.7874801158905029,108.02961730957031
IDN," Kep. Anambas"," Antang Tarempa",3.2187399864196777,106.24111175537109
IDN," Probolinggo"," Randu Putih",-7.7769598960876465,113.26921844482422
IDN," Probolinggo"," Paiton",-7.70635986328125,113.52317810058594
IDN," Sampang"," Ketapang",-6.8917098045349121,113.280517578125
IDN," Sidoarjo"," Juanda",-7.4048900604248047,112.81011962890625
IDN," Sidoarjo"," Kalanganyar",-7.4054198265075684,112.81057739257812
IDN," Sidoarjo"," Balong Dowo",-7.4986600875854492,112.72283172607422
IDN," Sidoarjo"," Bluru",-7.4467501640319824,112.73055267333984
IDN," Sidoarjo"," Banjar Kemuning",-7.388120174407959,112.80861663818359
IDN," Sidoarjo"," Gisik Cemandi",-7.3880600929260254,112.80756378173828
IDN," Sidoarjo"," Tambakoso",-7.3661899566650391,112.80889129638672
IDN," Situbondo"," Jangkar",-7.71796989440918,114.20744323730469
IDN," Situbondo"," Pondok Mimbo",-7.7482099533081055,114.29550933837891
IDN," Situbondo"," Barigaan",-7.6699299812316895,113.96096038818359
IDN," Situbondo"," Besuki",-7.7303500175476074,113.67897796630859
IDN," Sumenep"," Arjasa",-6.979640007019043,115.39865875244141
IDN," Sumenep"," Masalembu",-5.56387996673584,114.39418792724609
IDN," Sumenep"," Ambunten",-6.8868098258972168,113.73705291748047
IDN," Sumenep"," Pasongsongan",-6.8861398696899414,113.65534973144531
IDN," Sumenep"," Sapeken",-6.9618401527404785,115.91291809082031
IDN," Sumenep"," Raas",-7.1448302268981934,114.61264038085938
IDN," Tuban"," Glondonggede",-6.7916698455810547,111.89201354980469
IDN," Tuban"," Bulu Tuban",-6.7705302238464355,111.72545623779297
IDN," Tuban"," Kaliuntu / Kalibuntu",-6.8293399810791016,112.00847625732422
IDN," Tuban"," Karang Agung",-6.8974800109863281,112.16960144042969
IDN," Tuban"," Palang",-6.9011797904968262,112.1427001953125
IDN," Tuban"," Karang Sari",-6.888700008392334,112.0560302734375
IDN," Barito Selatan"," Bontok (Buntok)",-1.7165299654006958,114.83453369140625
IDN," Katingan"," Selat Jeruju",-3.2563199996948242,113.37399291992188
IDN," Kotawaringin Barat"," Kumai",-2.7459800243377686,111.72232055664062
IDN," Kotawaringin Timur"," Hantipan",-2.21124005317688,112.74800872802734
IDN," Kotawaringin Timur"," Ujung Pandaran",-3.0690000057220459,112.96880340576172
IDN," Pulang Pisau"," Bahaur",-3.2370800971984863,114.09874725341797
IDN," Seruyan"," Kuala Pembuang",-3.3787000179290771,112.55342102050781
IDN," Sukamara"," Kuala Jelai",-2.9840099811553955,110.73883056640625
IDN," Banjarmasin"," Banjarmasin",-3.3202400207519531,114.56185150146484
IDN," Lampung Tengah"," Cabang",-4.633580207824707,105.85945129394531
IDN," Lampung Timur"," Labuhan Maringgai",-5.358640193939209,105.81973266601562
IDN," Lampung Timur"," Kuala Penet",-5.2544698715209961,105.86254119873047
IDN," Tulang Bawang"," Teladas",-4.3469200134277344,105.79328155517578
IDN," Kepulauan Seribu"," Pulau Pramuka",-5.7431797981262207,106.61363220214844
IDN,rta Utara," Kamal Muara",-6.091670036315918,106.72547149658203
IDN,rta Utara," Nizam Zachman Jakarta",-6.099219799041748,106.79953002929688
IDN,rta Utara," Kalibaru",-6.104219913482666,106.9202880859375
IDN,rta Utara," Muara Angke",-6.10605001449585,106.77565765380859
IDN,rta Utara," Cilincing",-6.0984201431274414,106.93972778320312
IDN," Bekasi"," Muara Jaya",-6.0235300064086914,106.99613952636719
IDN," Bekasi"," Pal Jaya",-6.0886797904968262,106.99503326416016
IDN," Bekasi"," Muara Bendera",-5.9357600212097168,107.00578308105469
IDN," Bekasi"," Muara Bungin",-6.0403299331665039,107.11428070068359
IDN," Cirebon"," Kejawanan",-6.7328701019287109,108.58197784423828
IDN," Cirebon"," Kasenden",-6.6936497688293457,108.55983734130859
IDN," Cirebon"," Bondet",-6.6485700607299805,108.55265808105469
IDN," Cirebon"," Playangan",-6.8234601020812988,108.76053619384766
IDN," Cirebon"," Bungko",-6.5688700675964355,108.50444030761719
IDN," Cirebon"," Condong",-6.6674799919128418,108.54267883300781
IDN," Cirebon"," Pengarengan",-6.7849698066711426,108.64762878417969
IDN," Cirebon"," Kalipasung",-6.8151397705078125,108.7193603515625
IDN," Cirebon"," Gebang Mekar",-6.8061800003051758,108.73081207275391
IDN," Cirebon"," Bandengan",-6.7653298377990723,108.600341796875
IDN," Cirebon"," Karang Reja",-6.6292200088500977,108.52581024169922
IDN," Cirebon"," Bungko Lor",-6.54665994644165,108.51773071289062
IDN," Cirebon"," Ender",-6.8156299591064453,108.69808197021484
IDN," Cirebon"," Ambulu",-6.811610221862793,108.80378723144531
IDN," Cirebon"," Citemu",-6.7655601501464844,108.60079956054688
IDN," Cirebon"," Waru Duwur",-6.7753400802612305,108.61118316650391
IDN," Indramayu"," Dadap",-6.4387297630310059,108.45819091796875
IDN," Indramayu"," Eretan Kulon",-6.3242602348327637,108.08598327636719
IDN," Indramayu"," Juntinyuat",-6.4144201278686523,108.43212127685547
IDN," Indramayu"," Eretan Wetan",-6.3244099617004395,108.08737945556641
IDN," Karawang"," Tanjungpakis/Pakisjaya",-5.977139949798584,107.13263702392578
IDN," Karawang"," Satar",-6.2018399238586426,107.59813690185547
IDN," Karawang"," Pasir Putih",-6.1790800094604492,107.54785919189453
IDN," Karawang"," Cemara",-6.0646200180053711,107.4163818359375
IDN," Karawang"," Tambaksari",-5.9939699172973633,107.16973114013672
IDN," Karawang"," Sedari",-5.9620199203491211,107.30661773681641
IDN," Karawang"," Muara (Samudra Mina)",-6.2155299186706543,107.62084197998047
IDN," Karawang"," Tangkolak",-6.1823301315307617,107.5614013671875
IDN," Karawang"," Ciparage",-6.1601099967956543,107.49069976806641
IDN," Karawang"," Sungai Buntu",-6.0560097694396973,107.41117095947266
IDN," Subang"," Mayangan (Subang)",-6.209589958190918,107.78217315673828
IDN," Subang"," Cirewang",-6.2093801498413086,107.78206634521484
IDN," Subang"," Muara Ciasem",-6.2368497848510742,107.70114135742188
IDN," Subang"," Cilamaya Girang",-6.22491979598999,107.63130187988281
IDN," Subang"," Rawameneng ",-6.2418298721313477,107.62873077392578
IDN," Subang"," Genteng",-6.2513699531555176,107.91963195800781
IDN," Subang"," Blanakan",-6.2703800201416016,107.66314697265625
IDN," Semarang"," Tambak Lorok",-6.9500398635864258,110.38993072509766
IDN," Batang"," Celong",-6.9158401489257812,109.93453979492188
IDN," Batang"," Roban (Roban Barat)",-6.90949010848999,109.841552734375
IDN," Batang"," Seklayu (Siklayu)",-6.9232401847839355,110.01325225830078
IDN," Batang"," Klidang Lor",-6.8812599182128906,109.74978637695312
IDN," Pekalongan"," Pekalongan",-6.8588199615478516,109.69242858886719
IDN," Brebes"," Kaliwlingi",-6.8058500289916992,109.01830291748047
IDN," Brebes"," Kali Gangsa",-6.8774199485778809,109.07511901855469
IDN," Brebes"," Pulolampes",-6.8395700454711914,108.94777679443359
IDN," Brebes"," Pangaradan",-6.8284702301025391,108.88967132568359
IDN," Brebes"," Sawojajar",-6.8136100769042969,109.01348876953125
IDN," Brebes"," Prapag Kidul",-6.8177099227905273,108.85478210449219
IDN," Brebes"," Kluwut",-6.8741898536682129,108.92002105712891
IDN," Brebes"," Krakahan",-6.8479299545288086,108.89183044433594
IDN," Tegal"," Kota Tegal",-6.8525400161743164,109.13523864746094
IDN," Tegal"," Tegalsari",-6.8496298789978027,109.12879943847656
IDN," Tegal"," Muara Reja",-6.85168981552124,109.11998748779297
IDN," Demak"," Betahwalang",-6.8125100135803223,110.58637237548828
IDN," Demak"," Bungo",-6.776860237121582,110.62628173828125
IDN," Demak"," Babalan",-6.725059986114502,110.60825347900391
IDN," Demak"," Wedung",-6.7937297821044922,110.61517333984375
IDN," Demak"," Morodemak",-6.821469783782959,110.54482269287109
IDN," Jepara"," Ujung Watu ",-6.4105901718139648,110.93985748291016
IDN," Jepara"," Karimun Jawa",-5.8804497718811035,110.43222045898438
IDN," Jepara"," Demaan",-6.5977301597595215,110.65631866455078
IDN," Jepara"," Bulu",-6.5920600891113281,110.65383148193359
IDN," Jepara"," Bondo",-6.4752697944641113,110.70916748046875
IDN," Jepara"," Panggung",-6.6790299415588379,110.63603973388672
IDN," Jepara"," Mlonggo",-6.527249813079834,110.68245697021484
IDN," Jepara"," Bandungharjo",-6.4090900421142578,110.87242889404297
IDN," Jepara"," Tubanan",-6.4399900436401367,110.76065063476562
IDN," Jepara"," Jobokuto (Ujung Batu)",-6.5841498374938965,110.65596771240234
IDN," Jepara"," Kedungmalang",-6.7088098526000977,110.62995147705078
IDN," Kendal"," Sendang Sikucing",-6.9030399322509766,110.05770874023438
IDN," Kendal"," Tawang",-6.9166097640991211,110.05000305175781
IDN," Pati"," Margomulyo",-6.5647101402282715,111.07511901855469
IDN," Pati"," Banyutowo",-6.4591798782348633,111.04875946044922
IDN," Pati"," Puncel",-6.4195098876953125,110.97535705566406
IDN," Pati"," Pecangan",-6.6951699256896973,111.235107421875
IDN," Pati"," Bajomulyo ",-6.7052698135375977,111.15464019775391
IDN," Pati"," Sambiroto",-6.5407800674438477,111.05581665039062
IDN," Pekalongan"," Jambean",-6.867149829864502,109.64414215087891
IDN," Pekalongan"," Wonokerto",-6.8413400650024414,109.62348937988281
IDN," Pemalang"," Ketapang",-6.8654799461364746,109.36949157714844
IDN," Pemalang"," Tanjungsari",-6.8634800910949707,109.36808776855469
IDN," Pemalang"," Asem Doyong",-6.852910041809082,109.41474151611328
IDN," Pemalang"," Ulujami",-6.805729866027832,109.52751159667969
IDN," Pemalang"," Tasik Rejo",-6.8410501480102539,109.59367370605469
IDN," Pemalang"," Mojo",-6.8106899261474609,109.52526092529297
IDN," Rembang"," Pasar Banggi",-6.694389820098877,111.39341735839844
IDN," Rembang"," Binangun",-6.6498298645019531,111.46656799316406
IDN," Rembang"," Sarang",-6.7375202178955078,111.67173767089844
IDN," Rembang"," Tanjung Sari",-6.7002501487731934,111.32850646972656
IDN," Rembang"," Tasik Agung",-6.7010002136230469,111.33766174316406
IDN," Rembang"," Pangkalan",-6.6252598762512207,111.48924255371094
IDN," Rembang"," Karanglincak",-6.7006301879882812,111.62841033935547
IDN," Rembang"," Karanganyar",-6.7032999992370605,111.63205718994141
IDN," Rembang"," Pandangan",-6.6671199798583984,111.59171295166016
IDN," Rembang"," Tunggulsari",-6.69536018371582,111.23529052734375
IDN," Tegal"," Larangan",-6.8626198768615723,109.193603515625
IDN," Tegal"," Surodadi (Suradadi)",-6.8737101554870605,109.2686767578125
IDN," Serang"," Karangantu",-6.0286798477172852,106.16403961181641
IDN," Tangerang"," Tanjung Pasir",-6.0187301635742188,106.67104339599609
IDN," Tangerang"," Kronjo",-6.0539398193359375,106.42755889892578
IDN," Tangerang"," Ketapang",-6.0469498634338379,106.50566101074219
IDN," Tangerang"," Mauk Barat",-6.0632400512695312,106.48336791992188
IDN," Tangerang"," Dadap",-6.0886201858520508,106.71904754638672
IDN," Tangerang"," Cituis",-6.03292989730835,106.57753753662109
IDN," Bangkalan"," Banyusangkah",-6.88316011428833,113.02940368652344
IDN," Surabaya"," Romokalisari",-7.194159984588623,112.63585662841797
IDN," Gresik"," Bawean",-5.8469500541687012,112.64659881591797
IDN," Gresik"," Campurejo",-6.8845000267028809,112.45735168457031
IDN," Gresik"," Paceng",-6.9041399955749512,112.49060821533203
IDN," Gresik"," Ujung Pangkah",-6.905940055847168,112.5029296875
IDN," Probolinggo"," Mayangan",-7.7283501625061035,113.22470855712891
IDN," Probolinggo"," Ketapang",-7.7479801177978516,113.17925262451172
IDN," Lamongan"," Kranji",-6.8758001327514648,112.38587951660156
IDN," Lamongan"," Labuhan Timur",-6.8819799423217773,112.20684051513672
IDN," Lamongan"," Weru Komplek",-6.8799500465393066,112.45332336425781
IDN," Lamongan"," Lohgung",-6.8971500396728516,112.17072296142578
IDN," Lamongan"," Brondong",-6.8697199821472168,112.29360961914062
IDN," Lamongan"," Labuhan Barat",-6.8827199935913086,112.205078125
IDN," Pamekasan"," Bandaran",-7.2175498008728027,113.39366912841797
IDN," Pamekasan"," Branta Pasisir",-7.2238001823425293,113.44879150390625
IDN," Pasuruan"," Lekok",-7.6564397811889648,112.990966796875
IDN," Buleleng"," Tejakula",-8.1285104751586914,115.3583984375
IDN," Buleleng"," Sangsit",-8.0784702301025391,115.13092803955078
IDN," Bima"," Bonto Kape",-8.5128402709960938,118.65679168701172
IDN," Dompu"," Soro Kempo",-8.5510501861572266,118.22704315185547
IDN," Dompu"," Soroadu",-8.6797895431518555,118.42990875244141
IDN," Sumbawa"," Teluk Santong",-8.7206096649169922,117.89170837402344
IDN," Sumbawa"," Labuhan Terata",-8.564570426940918,117.66142272949219
IDN," Sumbawa"," Labuhan Aji Pulau Moyo",-8.2197999954223633,117.48531341552734
IDN," Alor"," Kenarilang",-8.2198801040649414,124.51814270019531
IDN," Ende"," Ende",-8.8016500473022461,121.58580780029297
IDN," Ende"," Paupanda",-8.8550100326538086,121.63826751708984
IDN," Flores Timur"," Ritaebang",-8.5239200592041016,122.88548278808594
IDN," Flores Timur"," Amagarapati",-8.3385896682739258,122.99317932128906
IDN," Flores Timur"," Amakole Jaya",-8.2743997573852539,123.09272003173828
IDN," Manggarai Barat"," Labuhan Bajo",-8.4815397262573242,119.87760925292969
IDN," Ngada"," Nangamese",-8.4117097854614258,121.02413940429688
IDN," Nagekeo"," Konge",-8.5157699584960938,121.32765960693359
IDN," Sikka"," Alok",-8.5622396469116211,122.16593170166016
IDN," Barito Kuala"," Sei Telan",-2.9775800704956055,114.76573944091797
IDN," Kotabaru"," Kotabaru/Saijaan",-3.2864298820495605,116.15798950195312
IDN," Tanah Bumbu"," Batulicin",-3.4239499568939209,116.01094818115234
IDN," Tanah Laut"," Muara Kintap",-3.9034600257873535,115.25914764404297
IDN," Tanah Laut"," Jorong/Swarangan",-4.0541601181030273,114.92574310302734
IDN," Samarinda"," Selili",-0.51094001531600952,117.15754699707031
IDN," Balikpapan"," Kampung Baru Tengah",-1.2387599945068359,116.81330108642578
IDN," Balikpapan"," Filial Klandasan",-1.2384200096130371,116.81356811523438
IDN," Balikpapan"," Manggar Baru",-1.21451997756958,116.97332763671875
IDN," Bontang"," Tanjung Limau Bontang",0.15029999613761902,117.49021911621094
IDN," Kutai Kertanegara"," Kota Bangun",-0.40158000588417053,117.42897033691406
IDN," Kutai Timur"," Sangatta",0.488290011882782,117.60578155517578
IDN," Penajam Paser Utara"," Babulu Laut",-1.5240600109100342,116.53208160400391
IDN," Penajam Paser Utara"," Api-Api",-0.4724000096321106,117.15451049804688
IDN," Pasir"," Senaken",-1.8853299617767334,116.26870727539062
IDN," Donggala"," Donggala",-0.66280001401901245,119.74131774902344
IDN," Donggala"," Labean",-0.11082000285387039,119.82752227783203
IDN," Donggala"," Batusuya",-0.41262000799179077,119.76339721679688
IDN," Selayar"," Benteng/Bonehalang",-6.1087198257446289,120.46302795410156
IDN," Selayar"," Kayuadi",-6.8434100151062012,120.79329681396484
IDN," Makassar"," Untia",-5.0647602081298828,119.47088623046875
IDN," Makassar"," Paotere",-5.1106200218200684,119.41915130615234
IDN," Makassar"," Rajawali",-5.1100602149963379,119.42449188232422
IDN," Makassar"," Borombong",-5.2043800354003906,119.38275909423828
IDN," Bantaeng"," Birea",-5.57135009765625,120.02252960205078
IDN," Pare-Pare"," Cempae",-4.0027499198913574,119.62837219238281
IDN," Barru"," Polejiwa",-4.4840798377990723,119.59606170654297
IDN," Barru"," Kupa",-4.1245999336242676,119.62053680419922
IDN," Palopo"," Pontap",-2.9887700080871582,120.20790100097656
IDN," Bone"," Lonrae",-4.5419697761535645,120.38571929931641
IDN," Bone"," Kajuara",-5.0629901885986328,120.29252624511719
IDN," Bulukumba"," Kajang",-5.3271198272705078,120.3638916015625
IDN," Bulukumba"," Bonto Bahari Bulukumba",-5.5366997718811035,120.36631774902344
IDN," Bulukumba"," Bentenge",-5.5603299140930176,120.19613647460938
IDN," Bulukumba"," Herlang",-5.5363898277282715,120.26654052734375
IDN," Jeneponto"," Pabbiringan",-5.6992301940917969,119.72279357910156
IDN," Jeneponto"," Jeneponto (Tanru Sampe)",-5.6659297943115234,119.73963928222656
IDN," Luwu"," Bonepute",-3.6412301063537598,120.41169738769531
IDN," Luwu"," Ulo-Ulo",-3.3843200206756592,120.40376281738281
IDN," Luwu"," Balambang",-3.08909010887146,120.25840759277344
IDN," Luwu Timur"," Malili",-2.6718499660491943,121.04026031494141
IDN," Luwu Utara"," Bone - Bone",-2.6786599159240723,120.60259246826172
IDN," Maros"," Labuang",-5.0101399421691895,119.57044219970703
IDN," Maros"," Bonto Bahari Maros",-4.9327402114868164,119.52021789550781
IDN," Pangkep"," Kalibone",-4.81220006942749,119.49887084960938
IDN," Pangkep"," Maccinibaji",-4.7739701271057129,119.49175262451172
IDN," Pangkep"," Bawasalo",-4.6356000900268555,119.55426025390625
IDN," Pinrang"," Pajalele",-3.52413010597229,119.49530792236328
IDN," Sinjai"," Lappa",-5.106870174407959,120.27142333984375
IDN," Sinjai"," Tongke-Tongke",-5.1588401794433594,120.27419281005859
IDN," Takalar"," Boddia",-5.3238701820373535,119.35572814941406
IDN," Takalar"," Lamangkia",-5.4912600517272949,119.41660308837891
IDN," Takalar"," Jene",-5.5367798805236816,119.43744659423828
IDN," Takalar"," Beba",-5.491300106048584,119.41596984863281
IDN," Wajo"," Siwa",-3.6828598976135254,120.42809295654297
IDN," Wajo"," Botto",-4.11968994140625,120.32285308837891
IDN," Wajo"," Cendanae",-3.9806499481201172,120.34902954101562
IDN," Kolaka Utara"," Sapoi",-3.5680499076843262,120.9078369140625
IDN," Mamuju"," Kasiwa (Kasiwah)",-2.6680400371551514,118.89360809326172
IDN," Mamuju"," Babana",-2.0947699546813965,119.19441986083984
IDN," Majene"," Banggae",-3.5666599273681641,118.94467926025391
IDN," Majene"," Palipi",-3.3769500255584717,118.84583282470703
IDN," Polewali Mandar"," Lantora",-3.4323599338531494,119.33946228027344
IDN," Polewali Mandar"," Tinambung",-3.5128700733184814,119.02291870117188
IDN," Banggai"," Rata/Toili Barat",-1.6097400188446045,122.10112762451172
IDN," Banggai"," Luwuk",-0.95815998315811157,122.79280090332031
IDN," Morowali"," Sambalagi",-3.0850100517272949,122.32865142822266
IDN," Morowali"," Kolodane",-1.9902299642562866,121.33786773681641
IDN," Morowali"," Ulunambo",-3.564810037612915,123.13491058349609
IDN," Kendari"," Sodohoa",-3.9709899425506592,122.57225036621094
IDN," Kendari"," Kendari",-3.9814300537109375,122.57270050048828
IDN," Buton"," Sampolawa",-5.6702499389648438,122.67983245849609
IDN," Buton"," Pasar Wajo",-5.5260100364685059,122.85366821289062
IDN," Buton"," Kamaru",-5.1780500411987305,123.06627655029297
IDN," Bau-Bau"," Wameo",-5.4604701995849609,122.59149169921875
IDN," Konawe Selatan"," Torobulu",-4.4442400932312012,122.452880859375
IDN," Konawe Selatan"," Tinanggea",-4.4984798431396484,122.28060150146484
IDN," Muna"," Laino",-4.8419499397277832,122.72402954101562
IDN," Muna"," Tonbasi",-4.8191800117492676,122.32872009277344
IDN," Muna"," Ereka",-4.8199000358581543,122.73356628417969
IDN," Konawe Utara"," Lasolo",-3.4863901138305664,122.27349090576172
IDN," Buru"," Masarete",-3.3820300102233887,127.12613677978516
IDN," Ambon"," Ambon",-3.6774699687957764,128.18898010253906
IDN," Ambon"," Eri",-3.7372899055480957,128.13496398925781
IDN," Tual"," Tual",-5.6163902282714844,132.740966796875
IDN," Tual"," Kelvik Taar",-5.6262998580932617,132.74282836914062
IDN," Seram Bagian Timur"," Tamher Timur",-4.512700080871582,131.68063354492188
IDN," Maluku Tengah"," Salahutu",-3.5885300636291504,128.33161926269531
IDN," Maluku Tengah"," Tehoru",-3.3571000099182129,129.52729797363281
IDN," Maluku Tengah"," Amahai",-3.3389999866485596,128.92033386230469
IDN," Maluku Tengah"," Banda",-4.5436100959777832,129.92295837402344
IDN," Maluku Tengah"," Masohi",-3.2966499328613281,128.95361328125
IDN," Maluku Tengah"," Haria",-3.6120500564575195,128.63142395019531
IDN," Maluku Tengah"," Leihitu",-3.66513991355896,127.9521484375
IDN," Maluku Tenggara"," Penambungan",-8.1349000930786133,130.93807983398438
IDN," Maluku Tenggara Barat"," Ukularang",-7.970250129699707,131.30320739746094
IDN," Morowali Utara"," Baturube",-1.7634600400924683,121.80267333984375
IDN," Bolaang Mongondow Timur"," Baroko Tanjung Sidupa",1.4606499671936035,124.819580078125
IDN," Banggai"," Kolonedale",-0.95446997880935669,122.78827667236328
IDN," Banggai"," Bonebobakal",-0.90631002187728882,123.13730621337891
IDN," Banggai"," Bunta",-0.83274000883102417,122.16812896728516
IDN," Banggai"," Bualemo",-0.578279972076416,123.08840179443359
IDN," Banggai"," Pagimana",-0.79219001531600952,122.64697265625
IDN," Parigi Moutong"," Ogotion",0.488429993391037,120.71746826171875
IDN," Parigi Moutong"," Petapa",-0.775600016117096,120.13490295410156
IDN," Parigi Moutong"," Boyantongo",-0.85104000568389893,120.2076416015625
IDN," Parigi Moutong"," Paranggi",-0.47021999955177307,120.06404113769531
IDN," Poso"," Gebang Rejo",-1.3908599615097046,120.75106811523438
IDN," Tojo Una-Una"," Ampana",-0.84386998414993286,121.60162353515625
IDN," Tojo Una-Una"," Bahari",-1.4377900362014771,121.10038757324219
IDN," Tojo Una-Una"," Malenge",-0.27081999182701111,122.05445861816406
IDN," Boalemo"," Tabulo",0.47901999950408936,122.13303375244141
IDN," Boalemo"," Tutulo",0.49033001065254211,122.30397796630859
IDN," Boalemo"," Tapadaa",0.48357999324798584,122.21682739257812
IDN," Boalemo"," Tilamuta ",0.51032000780105591,122.35720062255859
IDN," Boalemo"," Dulupi",0.51041001081466675,122.45050811767578
IDN," Gorontalo"," Tenda",0.51052999496459961,123.05999755859375
IDN," Bone Bolango"," Inengo ",0.46893000602722168,123.10545349121094
IDN," Bone Bolango"," Tongo",0.36272001266479492,123.22225952148438
IDN," Gorontalo"," Bongo",0.49792999029159546,123.03601837158203
IDN," Gorontalo"," Luluo",0.53658002614974976,121.58334350585938
IDN," Gorontalo"," Ilomata",0.514959990978241,122.66074371337891
IDN," Gorontalo"," Bilato",0.51545000076293945,122.65921783447266
IDN," Pohuwato"," Marisa",0.44701999425888062,121.9405517578125
IDN," Pohuwato"," Paguat ",0.48732000589370728,122.11212158203125
IDN," Pohuwato"," Wanggarasi",0.539080023765564,121.66243743896484
IDN," Pohuwato"," Lemito",0.52529001235961914,121.64646148681641
IDN," Pohuwato"," Torosiaje",0.48047000169754028,121.44036102294922
IDN," Halmahera Barat"," Tuada",1.050570011138916,127.49816131591797
IDN," Halmahera Barat"," Ruba-Ruba",1.7068899869918823,127.55375671386719
IDN," Ternate"," Ternate",0.76740998029708862,127.37763214111328
IDN," Ternate"," Dufa-Dufa",0.813979983329773,127.38887023925781
IDN," Halmahera Selatan"," Bacan",-0.69217002391815186,127.45716857910156
IDN," Halmahera Selatan"," Sayoang",-0.627839982509613,127.60397338867188
IDN," Tidore Kepulauan"," Sofifi",0.73478001356124878,127.55277252197266
IDN," Tidore Kepulauan"," Goto",0.68481999635696411,127.45496368408203
IDN," Halmahera  Tengah"," Pulau Gebe",-0.19896000623703003,129.57206726074219
IDN," Halmahera  Tengah"," Weda",0.33542001247406006,127.88159942626953
IDN," Halmahera Timur"," Manitinting",0.63089001178741455,128.42405700683594
IDN," Halmahera Utara"," Tobelo",1.712689995765686,128.01692199707031
IDN," Kep. Sula"," Wainin",-1.984779953956604,125.89890289306641
IDN," Kep. Sula"," Bobong",-1.9500199556350708,124.38298797607422
IDN," Morotai"," Tiley",2.1990900039672852,128.24809265136719
IDN," Morotai"," Daruba",2.0447900295257568,128.36094665527344
IDN," Fak-Fak"," Dulan Pok-pok ",-2.9268999099731445,132.27023315429688
IDN," Sorong"," Klademak",-0.88394999504089355,131.26289367675781
IDN," Sorong"," Sorong",-0.87866002321243286,131.2548828125
IDN," Sorong Selatan"," Wersar",-1.4754799604415894,131.97299194335938
IDN," Teluk Bintuni"," Bintuni",-2.1173200607299805,133.53126525878906
IDN," Sorong"," Katapop",-1.1252599954605103,131.22682189941406
IDN," Minahasa Tenggara"," Belang",0.9364200234413147,124.78308868408203
IDN," Berau"," Sambaliung",2.1787600517272949,117.50418853759766
IDN," Bulungan"," Bunyu",2.8362600803375244,117.36141204833984
IDN," Tarakan"," Tarakan (Tengkayu II)",3.3030400276184082,117.57308959960938
IDN," Nunukan"," Nunukan",4.1421198844909668,117.6436767578125
IDN," Nunukan"," Sebatik",4.1607198715209961,117.90223693847656
IDN," Bolaangmongondow"," Labuan Uki",0.83363997936248779,123.94715881347656
IDN," Bolaangmongondow"," Popudu",0.37380999326705933,124.03385925292969
IDN," Bolaangmongondow"," Dodepo",0.3562999963760376,123.91957855224609
IDN," Bolaangmongondow"," Bolang Uki",0.35124999284744263,123.91693115234375
IDN," Manado"," Calaca",1.4972200393676758,124.84110260009766
IDN," Manado"," Tumumpa",1.5233700275421143,124.84201049804688
IDN," Bitung"," Bitung",1.4464800357818604,125.20829772949219
IDN," Minahasa Selatan"," Amurang",1.1869699954986572,124.56086730957031
IDN," Minahasa Utara"," Kema",1.3574800491333008,125.07652282714844
IDN," Minahasa Utara"," Likupang",1.6741900444030762,125.05970001220703
IDN," Sangihe Talaud"," Peta",2.7300200462341309,125.40487670898438
IDN," Sangihe Talaud"," Dagho",3.4377799034118652,125.56430053710938
IDN," Kep. Talaud"," Salibabu",3.8728499412536621,126.686279296875
IDN," Kep. Talaud"," Lirung",3.9374799728393555,126.69358825683594
IDN," Kep. Talaud"," Kabaruan",3.8344199657440186,126.79419708251953
IDN," Buol"," Diapatih",1.0736900568008423,121.73065948486328
IDN," Buol"," Kumalingon",1.237779974937439,121.41388702392578
IDN," Buol"," Kuala Besar",1.0333700180053711,121.96016693115234
IDN," Tolitoli"," Ogotua",0.95701998472213745,120.25438690185547
IDN," Gorontalo Utara"," Tolinggula",1.011620044708252,122.22409820556641
IDN," Gorontalo Utara"," Kwandang",0.85342001914978027,122.89747619628906
IDN," Gorontalo Utara"," Gentuma",0.93208998441696167,123.03746795654297
IDN," Jayapura"," Hamadi",-2.5638399124145508,140.71641540527344
IDN," Biak Numfor"," Fandoi",-1.1861499547958374,136.08302307128906
IDN," Biak Numfor"," Korem",-0.89367002248764038,136.03607177734375
IDN," Biak Numfor"," Biak",-1.1715400218963623,136.05003356933594
IDN," Waropen"," Waropen",-2.7031099796295166,136.07040405273438
IDN," Manokwari"," Sanggeng",-0.87329000234603882,134.06072998046875
IDN," Teluk Wondama"," Dotir",-2.6517400741577148,134.48509216308594
IDN," Kep. Aru"," Dobo",-5.757540225982666,134.21675109863281
IDN," Kep. Aru"," Kalar Kalar",-6.5316200256347656,134.09780883789062
IDN," Asmat"," Omor",-5.5425200462341309,138.12620544433594
IDN," Mappi"," Sumuraman",-7.16726016998291,138.99833679199219
IDN," Merauke"," Merauke",-8.4792699813842773,140.37956237792969
IDN," Kaimana"," Adijaya",-4.1223101615905762,133.36604309082031
