label,lat,lon,iso3
vnm_1,8.611342881,105.0121872,VNM
vnm_2,8.617432329,105.0176344,VNM
Con Dao Fishing Port,8.651895949,106.5727845,VNM
vnm_8,8.654001628,106.5672751,VNM
Ben Dam Fishing Port,8.657348822,106.567145,VNM
vnm_10,8.658669563,106.5626533,VNM
vnm_12,8.662904906,106.5609716,VNM
vnm_13,8.663872359,106.5574275,VNM
vnm_15,8.667920273,106.5598497,VNM
vnm_16,8.668199398,106.5563571,VNM
vnm_18,9.296705166,103.4668456,VNM
vnm_19,9.297165302,103.4721182,VNM
vnm_20,9.301978097,103.4706284,VNM
vnm_28,9.573027822,106.517996,VNM
vnm_30,9.575171225,106.5152212,VNM
vnm_33,9.583580565,106.5028976,VNM
vnm_34,9.583969319,106.5065268,VNM
vnm_35,9.612517525,106.4989468,VNM
Định An Fishing Port,9.615941541,106.2862748,VNM
vnm_37,9.626264638,106.4634754,VNM
vnm_38,9.626405738,106.4647006,VNM
Láng Chim Fishing Port,9.682861584,106.5339572,VNM
vnm_40,9.94775173,104.0280813,VNM
vnm_41,9.95111645,104.0100796,VNM
vnm_42,9.952537894,104.0269707,VNM
vnm_43,9.97511194,104.0286824,VNM
vnm_44,9.978156154,104.0281215,VNM
vnm_45,9.996097409,104.0165277,VNM
vnm_46,10.00012027,104.0152145,VNM
vnm_47,10.00453488,104.0378867,VNM
vnm_48,10.00522351,104.0333364,VNM
vnm_49,10.00896158,104.0166255,VNM
vnm_50,10.00909502,104.0196221,VNM
vnm_51,10.01228373,104.0157558,VNM
vnm_52,10.01261905,104.0206718,VNM
vnm_53,10.01391573,104.0049765,VNM
vnm_54,10.01625045,104.0162371,VNM
vnm_55,10.01626087,104.0225993,VNM
vnm_56,10.01833439,104.0087688,VNM
vnm_57,10.01845838,104.0044959,VNM
vnm_59,10.02187128,104.0075728,VNM
vnm_60,10.02317524,104.0039152,VNM
vnm_63,10.18983956,106.7023628,VNM
vnm_66,10.19410246,106.7043034,VNM
vnm_68,10.19643075,106.7064928,VNM
vnm_71,10.1996927,106.7081705,VNM
vnm_73,10.20387352,106.7070141,VNM
vnm_74,10.20470021,106.7051721,VNM
vnm_75,10.21062418,106.6957939,VNM
vnm_76,10.2124294,106.6918679,VNM
vnm_77,10.21621639,106.6851104,VNM
vnm_78,10.21668985,106.7169865,VNM
vnm_79,10.21796414,106.6805627,VNM
vnm_80,10.22087992,106.673757,VNM
vnm_81,10.32609924,107.0733418,VNM
vnm_82,10.32733738,107.0704258,VNM
vnm_86,10.33857666,107.0623009,VNM
vnm_87,10.33951658,107.0702983,VNM
vnm_88,10.3435834,107.072342,VNM
vnm_89,10.34371685,107.069344,VNM
vnm_90,10.34373168,107.064324,VNM
vnm_91,10.34569747,106.3913396,VNM
vnm_92,10.34600784,107.0683868,VNM
vnm_93,10.34725424,107.0637793,VNM
vnm_94,10.34758935,106.378325,VNM
vnm_95,10.34903004,106.3722035,VNM
vnm_96,10.35058213,106.3782897,VNM
vnm_97,10.3587274,107.0546736,VNM
vnm_98,10.35891318,107.0535707,VNM
vnm_99,10.36505845,107.0552503,VNM
vnm_100,10.36511131,107.0521452,VNM
Binh Dai Fishing Port,10.37037924,107.0519553,VNM
vnm_107,10.37641447,107.0507708,VNM
vnm_108,10.37669419,107.0725276,VNM
vnm_109,10.37707277,107.0698989,VNM
vnm_114,10.37890531,107.0722709,VNM
vnm_119,10.38064784,106.8752601,VNM
vnm_120,10.38109655,107.0505208,VNM
vnm_121,10.38155579,107.0692246,VNM
vnm_122,10.38171967,106.8778506,VNM
vnm_123,10.38258813,106.8843268,VNM
vnm_124,10.38285679,106.8837336,VNM
vnm_126,10.38311961,106.8809219,VNM
vnm_132,10.38623977,107.0663585,VNM
vnm_133,10.38692914,107.064091,VNM
vnm_134,10.38736925,107.0523104,VNM
vnm_135,10.38897343,107.0560789,VNM
vnm_138,10.39113773,107.0630738,VNM
vnm_139,10.39125699,107.0574664,VNM
vnm_140,10.39215857,107.0525367,VNM
vnm_145,10.40308567,107.1793579,VNM
vnm_147,10.40498735,107.1807962,VNM
My Tho fishing port,10.40529547,107.2103946,VNM
vnm_150,10.40674757,107.1864123,VNM
vnm_151,10.40694714,106.7676518,VNM
Vàm Láng Fishing Port,10.40860762,106.7732408,VNM
vnm_153,10.41150406,107.1888361,VNM
vnm_154,10.41172038,106.7803428,VNM
Cat Lo Fishing Port 1,10.41429176,107.129754,VNM
Cat Lo Fishing Port 2,10.41436656,107.1320349,VNM
vnm_159,10.41459899,106.7751165,VNM
vnm_160,10.41615052,107.2062848,VNM
vnm_161,10.41649846,106.7760344,VNM
vnm_163,10.41752002,107.2090775,VNM
vnm_164,10.41754906,107.1877475,VNM
vnm_165,10.41878777,107.2003005,VNM
vnm_166,10.41889675,107.1458328,VNM
vnm_167,10.42035236,107.2120795,VNM
vnm_168,10.42083083,107.1932069,VNM
vnm_172,10.45390077,107.3342978,VNM
Tân Phuoc Fishing Port,10.45616145,107.3368736,VNM
vnm_174,10.4567087,107.3385401,VNM
vnm_175,10.45965508,107.3467823,VNM
vnm_176,10.46144154,107.3487938,VNM
vnm_177,10.46232435,107.3500816,VNM
vnm_178,10.46518682,106.7087562,VNM
vnm_179,10.46617051,107.3516625,VNM
vnm_189,10.49556655,106.6693311,VNM
vnm_191,10.49739789,108.9471377,VNM
vnm_192,10.49796035,108.9591634,VNM
vnm_193,10.49809374,108.9416251,VNM
vnm_196,10.49911576,108.9513766,VNM
vnm_197,10.50206112,108.9516987,VNM
vnm_200,10.51020875,108.9347066,VNM
vnm_201,10.51424625,108.972058,VNM
vnm_202,10.51886334,108.9707798,VNM
vnm_203,10.51936316,108.975849,VNM
vnm_204,10.52076919,108.9657131,VNM
vnm_205,10.5234022,108.9821587,VNM
vnm_206,10.5235741,108.9657085,VNM
vnm_207,10.52382057,108.9759344,VNM
vnm_208,10.52417724,108.9718823,VNM
vnm_209,10.5274204,108.9821386,VNM
vnm_210,10.52772042,108.9756945,VNM
vnm_211,10.52789819,108.9721545,VNM
vnm_212,10.53390219,108.9711317,VNM
vnm_213,10.53411363,108.9755418,VNM
vnm_214,10.53760975,108.9221814,VNM
vnm_215,10.53970599,108.9640758,VNM
vnm_216,10.54011219,108.9597097,VNM
Bình Châu Fishing Port,10.54439441,107.5460823,VNM
vnm_218,10.54515882,108.9610866,VNM
vnm_219,10.54573235,108.9636569,VNM
vnm_220,10.55120629,108.9632142,VNM
vnm_221,10.5519048,108.9615434,VNM
vnm_226,10.65044831,107.7770924,VNM
vnm_227,10.65246597,107.7751899,VNM
La Gi Fishing Port,10.65462851,107.7758731,VNM
vnm_229,10.65965242,107.7767025,VNM
vnm_230,10.67862939,106.7538686,VNM
vnm_233,10.7052114,107.9982857,VNM
Phan Thiet Fishing Port,10.92041923,108.1028173,VNM
Phu Hai Fishing Port,10.9306896,108.1360389,VNM
vnm_237,10.93398654,108.277017,VNM
vnm_238,10.93403097,108.2798125,VNM
vnm_240,11.14433276,108.5333636,VNM
vnm_243,11.15115792,108.5257815,VNM
vnm_246,11.15813718,108.560328,VNM
Phan Ri Cua Fishing Port,11.16611133,108.563046,VNM
vnm_248,11.16823881,108.702769,VNM
vnm_249,11.1692855,108.5623652,VNM
vnm_250,11.17364072,108.6098607,VNM
vnm_251,11.17373014,108.6981535,VNM
vnm_252,11.17417206,108.6124534,VNM
vnm_253,11.1771491,108.7013116,VNM
vnm_254,11.1771824,108.6126458,VNM
vnm_255,11.17719027,108.6102958,VNM
vnm_256,11.17781939,108.6983858,VNM
vnm_257,11.17918386,108.6932128,VNM
vnm_258,11.18183586,108.6924171,VNM
vnm_260,11.21340872,108.7392763,VNM
vnm_261,11.21344455,108.7434064,VNM
vnm_262,11.21817693,108.7402567,VNM
vnm_263,11.2183845,108.7437065,VNM
vnm_264,11.22035858,108.8225057,VNM
vnm_265,11.2216786,108.7436394,VNM
vnm_266,11.22176106,108.8235891,VNM
vnm_267,11.22350483,108.7393513,VNM
vnm_268,11.22386484,108.8176077,VNM
vnm_271,11.23486609,108.7474757,VNM
vnm_272,11.23561828,108.7494989,VNM
vnm_273,11.23864289,108.747383,VNM
vnm_274,11.23967013,108.7493997,VNM
vnm_277,11.30599775,108.9159731,VNM
vnm_278,11.30611348,108.913419,VNM
vnm_279,11.30742651,108.7910867,VNM
vnm_280,11.30932991,108.913725,VNM
vnm_281,11.30983057,108.9159926,VNM
vnm_282,11.31263909,108.789449,VNM
vnm_283,11.3127065,108.7902324,VNM
vnm_285,11.32803632,108.8924848,VNM
vnm_286,11.32936518,108.8877039,VNM
vnm_287,11.32998857,108.8832414,VNM
vnm_288,11.3327193,108.8838209,VNM
vnm_289,11.33287548,108.8874781,VNM
vnm_290,11.33869325,108.8855287,VNM
vnm_291,11.34063303,108.8838727,VNM
vnm_292,11.34364231,108.8841845,VNM
Cà Ná Fishing Port,11.3441536,108.8861221,VNM
vnm_294,11.35326799,109.0067227,VNM
vnm_300,11.5422269,109.0283498,VNM
Đông Hải Fishing Port,11.54592524,109.0248958,VNM
Mỹ Tân Fishing Port,11.5813101,109.1330835,VNM
Ninh Chữ Fishing Port,11.59129985,109.0488252,VNM
vnm_304,11.5923382,109.0479585,VNM
Đá Bạc Fishing Port,11.90191007,109.1418171,VNM
vnm_306,11.90906094,109.1355818,VNM
vnm_309,12.17741143,109.220385,VNM
vnm_310,12.17855272,109.2148866,VNM
vnm_311,12.18101126,109.2201564,VNM
vnm_312,12.18225254,109.2151621,VNM
vnm_313,12.18498771,109.3089088,VNM
vnm_314,12.18722302,109.2183885,VNM
vnm_315,12.18734306,109.2137294,VNM
vnm_316,12.18873347,109.2106694,VNM
vnm_317,12.19173765,109.2091746,VNM
vnm_318,12.1918979,109.2168879,VNM
vnm_319,12.19200952,109.217955,VNM
vnm_320,12.19569972,109.2022441,VNM
Hòn Rớ Fishing Port,12.19986398,109.196996,VNM
vnm_322,12.20040055,109.2007108,VNM
vnm_323,12.20285762,109.1960798,VNM
vnm_324,12.22004855,109.2312481,VNM
vnm_325,12.22007231,109.2286389,VNM
vnm_326,12.22227568,109.2307826,VNM
Vĩnh Lương Fishing Port,12.33630442,109.2044056,VNM
vnm_332,12.56433038,109.2101349,VNM
Ninh Hai Fishing Port,12.57692152,109.2204259,VNM
vnm_341,12.58274249,109.4142228,VNM
vnm_342,12.58295944,109.4134384,VNM
vnm_345,12.66744029,109.4058516,VNM
vnm_346,12.66920577,109.4065695,VNM
Quang Hoi Fishing Port,12.69661918,109.2433234,VNM
vnm_348,12.69839934,109.2429711,VNM
Dai Lanh fishing port,12.83390995,109.364683,VNM
vnm_351,12.86910086,109.4150559,VNM
vnm_354,12.93838557,109.4344898,VNM
vnm_355,12.94359741,109.4355347,VNM
vnm_356,12.9486763,109.4389535,VNM
vnm_357,12.94927424,109.4342052,VNM
vnm_358,12.94996392,109.4220501,VNM
vnm_359,12.95102175,109.4298311,VNM
Phú Lạc Fishing Port,12.95275623,109.4185933,VNM
vnm_361,12.95374397,109.4182395,VNM
vnm_362,12.95383936,109.4287141,VNM
vnm_363,12.95445768,109.4339567,VNM
vnm_364,12.95470703,109.4232779,VNM
vnm_365,12.95854801,109.4133996,VNM
vnm_366,12.95984762,109.4127082,VNM
vnm_367,12.98169513,109.3941367,VNM
vnm_368,12.98519025,109.392379,VNM
vnm_369,12.98985699,109.3925052,VNM
vnm_370,13.07427015,109.333149,VNM
Đông Tác Fishing Port,13.07708334,109.3333328,VNM
vnm_372,13.08135839,109.3321843,VNM
vnm_373,13.08910355,109.3272358,VNM
vnm_374,13.08920253,109.3234346,VNM
Tien Chau Fishing Port,13.35255061,109.2634091,VNM
Dan Phuoc Fishing Port,13.44038358,109.2248836,VNM
vnm_378,13.44336212,109.2264536,VNM
vnm_379,13.54375934,109.2545715,VNM
vnm_391,13.76422278,109.2522887,VNM
vnm_392,13.76479488,109.2543534,VNM
vnm_393,13.76837017,109.2510816,VNM
vnm_394,13.7699072,109.2560544,VNM
vnm_395,13.77361585,109.2485452,VNM
Quy Nhon Fishing Port,13.77392439,109.2466755,VNM
vnm_397,13.7759467,109.2408206,VNM
vnm_398,13.77862267,109.2256328,VNM
vnm_399,13.7872533,109.222218,VNM
De Gi Fishing Port,14.12656692,109.2041789,VNM
vnm_401,14.558831,109.0615559,VNM
vnm_402,14.56298101,109.0833681,VNM
vnm_403,14.5631468,109.0639732,VNM
vnm_404,14.56453804,109.0630631,VNM
vnm_405,14.56690612,109.0837509,VNM
vnm_406,14.56694184,109.0638984,VNM
vnm_407,14.56701046,109.0883986,VNM
Tam Quan Fishing Port,14.56790358,109.0787797,VNM
vnm_409,14.56858175,109.062062,VNM
vnm_410,14.57191226,109.0619558,VNM
vnm_411,14.57216442,109.0887705,VNM
vnm_412,14.57237287,109.0829787,VNM
vnm_413,14.57271388,109.0791032,VNM
vnm_414,14.57285718,109.0723231,VNM
vnm_415,14.57415282,109.0650019,VNM
vnm_416,14.57582186,109.0792745,VNM
vnm_417,14.57647572,109.0838864,VNM
vnm_418,14.57736272,109.0666189,VNM
vnm_419,14.57767105,109.0709951,VNM
vnm_420,14.5778319,109.087922,VNM
vnm_421,14.58246959,109.0844259,VNM
Sa Huỳnh Fishing Port,14.67292077,109.0710249,VNM
My A Fishing Port,14.83153354,108.9913654,VNM
vnm_424,15.13038125,108.8905331,VNM
vnm_425,15.13145537,108.8922413,VNM
vnm_426,15.13805736,108.8954364,VNM
vnm_427,15.14056138,108.8943225,VNM
vnm_430,15.19617609,108.9289776,VNM
vnm_432,15.20036956,108.9346713,VNM
vnm_433,15.20121863,108.9298182,VNM
vnm_434,15.20176667,108.925541,VNM
vnm_435,15.20184208,108.8954353,VNM
vnm_436,15.20283854,108.912464,VNM
vnm_437,15.20416475,108.9348376,VNM
vnm_439,15.20450392,108.9411732,VNM
vnm_440,15.20611628,108.9229736,VNM
vnm_441,15.20623519,108.8892838,VNM
Tịnh Hòa Fishing Port,15.20674825,108.8892171,VNM
vnm_444,15.20820656,108.8933959,VNM
vnm_445,15.20919152,108.9178484,VNM
Tinh Ky Fishing Port,15.20966056,108.902004,VNM
vnm_447,15.21059927,108.9028705,VNM
vnm_448,15.21172121,108.9030265,VNM
vnm_449,15.21189718,108.9158255,VNM
vnm_450,15.21282358,108.9025011,VNM
vnm_451,15.21369205,108.9140644,VNM
Fishing Port 19/5,15.21676672,108.9077681,VNM
Sa Kỳ Fishing Port,15.2178432,108.9124208,VNM
vnm_454,15.21984971,108.9148448,VNM
vnm_455,15.2462682,108.9220442,VNM
vnm_456,15.24968107,108.9219486,VNM
vnm_457,15.34100934,108.8687821,VNM
vnm_458,15.34210092,108.8654552,VNM
vnm_459,15.35651581,109.1323007,VNM
vnm_460,15.35742219,109.1252499,VNM
vnm_461,15.35891489,109.1203312,VNM
vnm_462,15.36193194,109.1198819,VNM
vnm_463,15.36225839,109.1320344,VNM
vnm_464,15.36255072,109.1263728,VNM
vnm_465,15.36678089,109.1326897,VNM
vnm_466,15.36747924,109.1369228,VNM
vnm_467,15.36970551,109.1011493,VNM
vnm_468,15.3714815,109.1337516,VNM
vnm_469,15.37176045,109.1367036,VNM
Sông Trà Bồng Fishing Port,15.37592104,108.7763234,VNM
vnm_471,15.37817626,109.0915848,VNM
vnm_472,15.37835345,109.0940122,VNM
vnm_473,15.37949176,109.0945285,VNM
vnm_474,15.37964366,109.1414326,VNM
vnm_475,15.38037655,109.0921148,VNM
Ly Son Fishing Port,15.38180177,109.1417752,VNM
vnm_477,15.38186643,108.7740399,VNM
vnm_479,15.39528359,108.7686966,VNM
vnm_480,15.39649072,109.1315197,VNM
vnm_481,15.39674126,109.0953488,VNM
vnm_482,15.39692484,109.1019757,VNM
vnm_483,15.39742148,109.1066,VNM
vnm_484,15.39980545,108.7683542,VNM
vnm_485,15.40255743,109.113401,VNM
vnm_486,15.40264747,109.1072635,VNM
vnm_487,15.40311489,109.1019432,VNM
vnm_488,15.42252233,109.0780703,VNM
vnm_489,15.42261762,109.0818165,VNM
vnm_490,15.4714317,108.6784216,VNM
vnm_491,15.47319308,108.6811234,VNM
Tam Quang Fishing Port,15.47355567,108.6831304,VNM
vnm_493,15.47444184,108.6514427,VNM
vnm_494,15.47973374,108.6844899,VNM
vnm_497,15.86586758,108.3845188,VNM
vnm_498,15.86720663,108.3872536,VNM
vnm_499,15.87759817,108.3876312,VNM
vnm_500,15.92826031,108.5270173,VNM
vnm_501,15.95259703,108.5022415,VNM
vnm_502,15.95706932,108.5000348,VNM
vnm_503,16.09087574,108.2368385,VNM
vnm_504,16.09452925,108.2363934,VNM
vnm_505,16.09547644,108.2380423,VNM
vnm_506,16.09627335,108.2660704,VNM
Tho Quang Fishing Port,16.09926596,108.2393099,VNM
vnm_508,16.09934921,108.2586115,VNM
vnm_509,16.10016214,108.2367111,VNM
vnm_510,16.10396444,108.2370534,VNM
vnm_511,16.10411227,108.2412068,VNM
vnm_512,16.10946658,108.2391905,VNM
vnm_513,16.10980253,108.2347982,VNM
vnm_514,16.11120118,108.2291276,VNM
vnm_515,16.1123776,108.2234511,VNM
vnm_516,16.11382558,108.2174879,VNM
vnm_517,16.11491267,108.2125491,VNM
vnm_518,16.11652857,108.2111134,VNM
vnm_519,16.11944504,108.2058188,VNM
vnm_520,16.12408134,108.2070862,VNM
vnm_521,16.12605925,108.2106352,VNM
vnm_522,16.12886731,108.2118132,VNM
vnm_523,16.12925636,108.2066359,VNM
vnm_524,16.1300329,108.2151873,VNM
vnm_525,16.13508502,108.2171824,VNM
vnm_526,16.13574685,108.2122448,VNM
vnm_527,16.13575149,108.2208036,VNM
vnm_528,16.14126655,108.2226062,VNM
vnm_529,16.14488273,108.223387,VNM
vnm_530,16.19375002,108.1924796,VNM
vnm_531,16.19484756,108.1867923,VNM
vnm_532,16.19507372,108.181339,VNM
Cảng cá Nhật Lệ,17.46323694,106.6279968,VNM
vnm_534,17.69901429,106.4750106,VNM
vnm_535,17.70355106,106.48399,VNM
vnm_536,17.70423994,106.4798443,VNM
vnm_538,17.87535258,106.4491281,VNM
vnm_539,17.9305026,106.5252785,VNM
vnm_540,17.93216945,106.521149,VNM
vnm_541,17.9349174,106.5242285,VNM
vnm_542,17.93563064,106.5201871,VNM
Mui Ong Fishing Port,17.93715932,106.5152579,VNM
vnm_544,18.06543955,106.4397216,VNM
vnm_545,18.0661623,106.4411127,VNM
vnm_546,18.0672338,106.441413,VNM
vnm_547,18.06964046,106.436669,VNM
vnm_548,18.07077868,106.433816,VNM
vnm_550,18.08638151,106.3410628,VNM
vnm_551,18.10585498,106.3549112,VNM
vnm_552,18.10782261,106.4037962,VNM
vnm_553,18.11160988,106.4046143,VNM
vnm_554,18.1137693,106.4074912,VNM
vnm_555,18.11790076,106.40794,VNM
Cua Hoi Fishing Port,18.7589352,105.7501758,VNM
vnm_557,18.79064427,105.9600772,VNM
vnm_558,18.79122386,105.9567253,VNM
vnm_559,18.80617541,105.7734928,VNM
vnm_560,18.82855663,105.70175,VNM
vnm_561,18.82866225,105.6994588,VNM
vnm_562,18.82872187,105.7331979,VNM
vnm_563,18.82872947,105.7263174,VNM
vnm_564,18.82998746,105.7091384,VNM
vnm_565,18.8307826,105.7127383,VNM
vnm_566,18.83091323,105.6912786,VNM
vnm_567,18.83219906,105.7196945,VNM
vnm_568,18.83325175,105.7140126,VNM
vnm_570,18.99672396,105.6058645,VNM
Lach Van Fishing Port,18.9978211,105.6059527,VNM
vnm_572,19.00482126,105.6044663,VNM
Lach Quen Fishing Port,19.10794631,105.7134917,VNM
vnm_576,19.11017372,105.7127302,VNM
vnm_577,19.11278263,105.7098782,VNM
vnm_578,19.1198995,105.7048428,VNM
vnm_589,19.22553951,105.7565836,VNM
vnm_590,19.23201499,105.7376147,VNM
vnm_591,19.23252474,105.7536006,VNM
vnm_592,19.23260116,105.7513814,VNM
vnm_593,19.23381321,105.7434396,VNM
vnm_594,19.2350891,105.7553916,VNM
vnm_595,19.23517408,105.7444873,VNM
Quynh Phuong Fishing Port,19.23524662,105.7485255,VNM
vnm_597,19.30043955,105.8254075,VNM
vnm_598,19.30506993,105.813661,VNM
vnm_599,19.30980726,105.8138682,VNM
vnm_600,19.31212486,105.809144,VNM
vnm_601,19.31279583,105.804962,VNM
vnm_602,19.32024518,105.8125466,VNM
vnm_603,19.32184226,105.8125337,VNM
vnm_604,19.33949911,105.8187698,VNM
vnm_605,19.34019563,105.8169907,VNM
vnm_607,19.34451162,105.8217067,VNM
vnm_608,19.34491339,105.8250883,VNM
vnm_609,19.34683408,105.9312624,VNM
vnm_611,19.3473266,105.9265185,VNM
vnm_613,19.34892335,105.9206078,VNM
vnm_615,19.35396578,105.9244717,VNM
vnm_616,19.35554762,105.9202485,VNM
vnm_617,19.36013197,105.9186687,VNM
vnm_618,19.36106926,105.915968,VNM
vnm_619,19.36426914,105.9181149,VNM
vnm_620,19.3648339,105.9152924,VNM
vnm_621,19.37402538,105.9088278,VNM
vnm_623,19.37832436,105.9090169,VNM
vnm_626,19.39243692,105.8142433,VNM
vnm_627,19.39512507,105.8027574,VNM
vnm_628,19.3959053,105.7955584,VNM
vnm_629,19.3968038,105.7913904,VNM
vnm_630,19.39725468,105.7867031,VNM
vnm_631,19.3983136,105.8144539,VNM
vnm_632,19.3984566,105.8197872,VNM
vnm_633,19.39872609,105.7910181,VNM
vnm_634,19.39883555,105.7956633,VNM
vnm_635,19.39899355,105.8090062,VNM
vnm_636,19.39933407,105.801667,VNM
vnm_637,19.40070683,105.7869708,VNM
vnm_638,19.4024749,105.8196479,VNM
vnm_639,19.40508855,105.8037129,VNM
vnm_640,19.40796158,105.7850285,VNM
Lach Bang Fishing Port,19.40875289,105.7809066,VNM
vnm_642,19.41029532,105.7832291,VNM
vnm_643,19.41046096,105.7808154,VNM
vnm_644,19.41922206,105.7887459,VNM
vnm_645,19.42172557,105.7895626,VNM
vnm_646,19.57023373,105.811876,VNM
vnm_647,19.57273539,105.8085506,VNM
vnm_648,19.57650253,105.8084604,VNM
vnm_649,19.58194984,105.8062289,VNM
Hai Chau Fishing Port,19.58316359,105.804576,VNM
vnm_651,19.6055617,105.8192786,VNM
vnm_652,19.61259489,105.8164262,VNM
vnm_653,19.62026848,105.8132319,VNM
vnm_654,19.62182371,105.811915,VNM
vnm_655,19.6228478,105.8108305,VNM
vnm_656,19.88912738,105.9308807,VNM
Hoa Loc Fishing Port,19.8895775,105.9368998,VNM
vnm_658,19.90039816,105.939456,VNM
vnm_659,19.92872661,105.9617074,VNM
vnm_660,20.012579,106.1953328,VNM
vnm_661,20.02080342,106.2001269,VNM
vnm_662,20.02798246,106.2046242,VNM
Thanh Vui Fishing Port,20.02937838,106.2056788,VNM
vnm_664,20.03317159,106.2072838,VNM
vnm_665,20.11626209,107.7241438,VNM
vnm_666,20.1169012,107.7187991,VNM
vnm_667,20.117378,107.7155501,VNM
vnm_668,20.12040131,107.7156121,VNM
vnm_669,20.12049638,107.7189455,VNM
vnm_670,20.12140108,107.7235278,VNM
Bach Long Vi Fishing Port,20.12558114,107.7260216,VNM
vnm_672,20.13740525,107.7204719,VNM
vnm_673,20.13914747,107.7234218,VNM
vnm_674,20.14359883,107.7194591,VNM
vnm_675,20.14395816,107.723288,VNM
vnm_676,20.14553634,107.7145152,VNM
vnm_677,20.14999968,107.7208433,VNM
vnm_678,20.21425112,106.4611663,VNM
vnm_679,20.21455613,106.4613612,VNM
vnm_680,20.66785418,106.8101374,VNM
vnm_681,20.66924307,106.813156,VNM
vnm_682,20.67049988,106.8030148,VNM
vnm_683,20.67125456,106.8149437,VNM
vnm_684,20.67236538,106.8086367,VNM
vnm_685,20.67635273,106.7991039,VNM
vnm_686,20.6862649,106.8012538,VNM
vnm_687,20.71048331,107.0383926,VNM
vnm_688,20.71522771,107.0388579,VNM
vnm_689,20.71999966,107.0617042,VNM
vnm_690,20.72007716,106.7919227,VNM
vnm_691,20.72118619,106.8089457,VNM
Ngoc Hai Fishing Port,20.72242957,106.7976815,VNM
vnm_693,20.72313349,107.0612976,VNM
vnm_694,20.72466236,107.4510329,VNM
vnm_695,20.72479582,107.4484945,VNM
vnm_696,20.72576801,106.8079836,VNM
vnm_697,20.72623906,106.8043298,VNM
vnm_699,20.7297501,107.0607441,VNM
vnm_703,20.73430062,107.0128068,VNM
vnm_704,20.73488712,107.0103512,VNM
vnm_705,20.73609995,107.0615738,VNM
vnm_706,20.73985379,107.0110846,VNM
vnm_707,20.73999227,107.0615216,VNM
vnm_708,20.74166841,107.0134106,VNM
Tran Chau Fishing Port,20.74531348,107.0145602,VNM
vnm_711,20.7492545,107.3837821,VNM
vnm_712,20.75029714,107.3863169,VNM
vnm_716,20.75839192,107.3956797,VNM
vnm_717,20.7584189,107.3972913,VNM
vnm_718,20.7605008,107.4723624,VNM
vnm_728,20.81630599,107.466949,VNM
vnm_731,20.83468722,107.0847892,VNM
vnm_732,20.84446284,107.0905726,VNM
vnm_733,20.84600943,107.0898599,VNM
vnm_734,20.84744943,107.0886801,VNM
vnm_735,20.85497379,107.0942408,VNM
vnm_736,20.855192,107.0806089,VNM
vnm_737,20.85963788,107.0819134,VNM
vnm_738,20.86082865,107.0875079,VNM
vnm_739,20.86435358,107.0888088,VNM
vnm_740,20.87814611,106.8483459,VNM
vnm_742,20.88408618,106.7368696,VNM
vnm_743,20.8858547,106.7337575,VNM
vnm_744,20.88727626,106.7365963,VNM
vnm_745,20.88866191,106.7313786,VNM
vnm_746,20.89045825,107.0262093,VNM
vnm_747,20.90257504,107.0172383,VNM
vnm_748,20.90313184,106.8438601,VNM
vnm_749,20.90629092,106.8435612,VNM
vnm_750,20.90705888,106.8391946,VNM
vnm_751,20.90977169,106.7586687,VNM
vnm_752,20.91024398,106.8338815,VNM
vnm_753,20.91032486,106.7588963,VNM
vnm_754,20.91213518,107.018778,VNM
vnm_755,20.91232656,107.0182724,VNM
vnm_756,20.91270016,106.8312945,VNM
vnm_757,20.92036349,106.9909953,VNM
vnm_758,20.93275014,106.8024869,VNM
vnm_759,20.93382113,106.7986213,VNM
vnm_760,20.9345965,107.0849715,VNM
vnm_761,20.93705545,107.082845,VNM
vnm_762,20.94010202,107.0821188,VNM
vnm_763,20.94187581,107.0913065,VNM
vnm_764,20.94481815,107.0219927,VNM
vnm_765,20.94530147,107.0902851,VNM
vnm_766,20.94563498,107.0880439,VNM
vnm_767,20.94621936,107.0822458,VNM
vnm_769,20.95063088,107.0603271,VNM
vnm_770,20.95120497,107.0572825,VNM
vnm_773,20.95257441,107.0580599,VNM
vnm_776,20.95903095,107.7469291,VNM
vnm_777,20.9629946,107.7503363,VNM
vnm_778,20.96412872,107.7526933,VNM
vnm_779,20.96646156,107.7545288,VNM
vnm_780,20.98601279,107.2597553,VNM
vnm_781,20.9860184,107.2692872,VNM
vnm_782,20.98706741,107.2640004,VNM
vnm_783,20.98797604,107.2444392,VNM
vnm_784,20.98836548,107.2299999,VNM
vnm_785,20.98881134,107.7384459,VNM
vnm_786,20.98910149,107.2418923,VNM
vnm_789,20.99087508,107.2654472,VNM
vnm_790,20.99121228,107.2688141,VNM
vnm_791,20.99402217,107.2700494,VNM
vnm_792,20.99422447,107.2660029,VNM
vnm_793,20.99536738,107.2930841,VNM
vnm_794,20.99902334,107.260623,VNM
vnm_795,21.04979911,107.4218479,VNM
vnm_796,21.05361797,107.4251775,VNM
vnm_797,21.05522385,107.4279505,VNM
vnm_798,21.06006182,107.4309816,VNM
vnm_799,21.06143651,107.4339,VNM
vnm_800,21.06512315,107.4369791,VNM
vnm_801,21.06519708,107.4387569,VNM
vnm_802,21.07110535,107.4347912,VNM
vnm_807,21.24633565,107.9569737,VNM
vnm_808,21.39798668,107.6655392,VNM
vnm_809,21.39910703,107.7565747,VNM
vnm_810,21.42606581,107.9912274,VNM
vnm_811,21.42718491,107.9851962,VNM
vnm_812,21.42823832,107.9813499,VNM
vnm_813,21.4294464,107.9918266,VNM
vnm_814,21.42980014,107.9969337,VNM
vnm_815,21.43115267,107.9814449,VNM
vnm_816,21.43159005,107.9853436,VNM
vnm_817,21.43541296,107.9654216,VNM
vnm_818,21.43556484,107.964132,VNM
vnm_819,21.4389415,107.9638142,VNM
vnm_820,21.43921065,107.9656733,VNM
Lach Hoi Fishing Port,105.900582,19.7741345,VNM
Ben Da Fishing Port,107.067655,10.38154022,VNM
Hung Thai Fisheries Logistics Port,107.2128217,10.42173312,VNM
Incomap Fishing Port,107.0722335,10.37513304,VNM
Lo Than + Ship Repair Port,107.072525,10.37438009,VNM
Loc An Fishing Port,107.3360508,10.45588894,VNM
Ganh Hao Fishing Port,105.4133231,9.04274953,VNM
Ba Tri Fishing Port,106.6227013,9.975178376,VNM
Thanh Phu Fishing Port,106.5984999,9.882618799,VNM
Cua Lan Fishing Port,106.5727844,20.36602994,VNM
Fishing port Ninh Cơ,106.2020911,20.0231932,VNM
Tan Xuan Fishing Port,105.7074311,18.82324257,VNM
Xuan Hoi Fishign Port,105.7598177,18.7537732,VNM
Cua Nhuong Fishing Port,106.1045493,18.26046696,VNM
Cửa Sót Fishing Port,105.9201437,18.4511792,VNM
Cho Cau Tau (Quang Phuc) Fishing Port,106.4708318,17.71019004,VNM
CỬA VIỆT Fishing Port,107.1879172,16.8991178,VNM
Cua Tung Fishing Port,107.1044901,17.01345129,VNM
Cua Viet Market Fishing Port,107.1773798,16.8999109,VNM
Con Co Fishing Port,107.3349006,17.15344159,VNM
Thuan An Fishing Port,107.6383988,16.55094,VNM
Tư Hiền Fishing Port,107.9112708,16.3525001,VNM
Trần Đề Fishing Port,106.2008861,9.5255312,VNM
Mỏ Ó Fishing Port,106.1699898,9.4245032,VNM
Ca Mau Fishing Port,105.1534117,9.1642071,VNM
Rạch Gốc Fishing Port,105.0324037,8.6302222,VNM
Sông Đốc Fishing Port,104.843747,9.0452095,VNM
CÁI ĐÔI VÀM Fishing Port,104.808875,8.8586715,VNM
HỐ GÙI Fishing Port,105.2892822,8.8311821,VNM
Tắc Cậu Fishing Port,105.1274188,9.8741956,VNM
An Thới Fishing Port,104.0145654,10.015046,VNM